Date,THREATS_GPR_AI,ACTS_GPR_AI,GPR_AI,GPR_AER,GPR_OIL,GPR_NONOIL,GPR_OIL_MiddleEast,GPR_OIL_Russia,GPR_OIL_USA,GPR_OIL_Venezuela,GPR_OIL_Africa,GPR_OIL_Americas,GPR_OIL_Asia,GPR_OIL_NorthSea
2020-01-01,111.17,102.04,92.36,126.94,0.0,98.4,0.0,0.0,0.0,0.0,0.0,0.0,0.0,0.0
2020-01-02,95.64,141.43,114.74,65.97,114.47,114.76,114.47,0.0,0.0,0.0,0.0,0.0,0.0,0.0
2020-01-03,112.53,137.05,106.98,73.07,190.17,101.54,95.08,0.0,0.0,0.0,95.08,0.0,0.0,0.0
2020-01-04,435.75,489.74,340.58,288.58,2128.07,223.71,2128.07,0.0,0.0,0.0,0.0,0.0,0.0,0.0
2020-01-05,242.68,217.5,169.72,232.44,672.19,136.87,672.19,0.0,0.0,0.0,0.0,0.0,0.0,0.0
2020-01-06,359.09,290.04,274.58,262.64,662.86,249.2,538.58,0.0,0.0,0.0,124.29,0.0,0.0,0.0
2020-01-07,374.49,340.3,306.18,233.63,686.03,281.35,592.48,0.0,0.0,93.55,0.0,0.0,0.0,0.0
2020-01-08,325.33,302.48,245.58,189.76,658.52,218.58,582.54,75.98,0.0,75.98,75.98,75.98,0.0,0.0
2020-01-09,350.66,327.38,260.71,366.53,788.6,226.2,788.6,0.0,76.32,0.0,0.0,0.0,0.0,0.0
2020-01-10,250.63,200.03,185.86,247.0,171.43,186.8,171.43,0.0,0.0,0.0,0.0,0.0,85.71,0.0
2020-01-11,239.84,204.39,193.5,112.17,350.34,183.24,350.34,0.0,0.0,0.0,0.0,116.78,0.0,0.0
2020-01-12,189.15,163.43,143.62,187.66,447.72,123.74,447.72,0.0,0.0,0.0,61.05,0.0,0.0,0.0
2020-01-13,171.26,181.2,147.29,92.21,280.0,138.61,160.0,0.0,0.0,0.0,120.0,0.0,0.0,0.0
2020-01-14,149.09,168.42,144.2,85.71,89.23,147.8,89.23,0.0,89.23,0.0,0.0,0.0,0.0,0.0
2020-01-15,167.36,83.81,134.26,87.97,152.63,133.06,76.32,0.0,0.0,0.0,76.32,0.0,0.0,0.0
2020-01-16,146.38,44.79,100.85,41.78,72.5,102.7,0.0,0.0,0.0,72.5,0.0,0.0,0.0,0.0
2020-01-17,136.42,67.25,112.23,75.29,78.38,114.45,78.38,0.0,0.0,0.0,0.0,0.0,0.0,0.0
2020-01-18,127.12,121.64,112.05,144.44,107.41,112.36,107.41,0.0,0.0,0.0,107.41,0.0,0.0,0.0
2020-01-19,108.29,85.05,87.37,111.42,105.46,86.18,0.0,0.0,0.0,0.0,105.46,0.0,0.0,0.0
2020-01-20,191.5,158.07,146.56,196.63,383.83,131.05,255.88,0.0,0.0,127.94,127.94,0.0,0.0,0.0
2020-01-21,156.31,80.9,112.52,107.83,112.26,112.54,112.26,0.0,0.0,0.0,112.26,0.0,0.0,0.0
2020-01-22,86.53,134.84,109.9,77.02,80.18,111.84,0.0,0.0,0.0,0.0,80.18,0.0,0.0,0.0
2020-01-23,87.26,63.26,76.92,42.49,73.73,77.13,73.73,0.0,0.0,0.0,0.0,0.0,0.0,0.0
2020-01-24,123.83,71.66,109.15,74.28,77.33,111.24,77.33,0.0,0.0,0.0,0.0,0.0,0.0,0.0
2020-01-25,90.21,114.35,103.5,23.71,123.41,102.2,123.41,0.0,0.0,0.0,0.0,0.0,0.0,0.0
2020-01-26,61.34,83.15,78.85,10.58,110.13,76.8,110.13,0.0,0.0,0.0,0.0,0.0,0.0,0.0
2020-01-27,116.48,55.12,95.83,51.43,0.0,102.1,0.0,0.0,0.0,0.0,0.0,0.0,0.0,0.0
2020-01-28,94.55,131.08,109.39,97.84,254.64,99.89,169.76,0.0,0.0,0.0,84.88,0.0,0.0,0.0
2020-01-29,161.69,73.38,119.15,56.66,147.46,117.3,147.46,0.0,0.0,0.0,0.0,0.0,0.0,0.0
2020-01-30,88.44,81.91,91.35,103.54,76.99,92.29,76.99,76.99,0.0,0.0,0.0,0.0,0.0,0.0
2020-01-31,142.23,79.78,112.4,81.2,70.45,115.15,70.45,0.0,0.0,0.0,0.0,0.0,0.0,0.0
2020-02-01,124.24,72.73,102.67,128.57,0.0,109.39,0.0,0.0,0.0,0.0,0.0,0.0,0.0,0.0
2020-02-02,71.75,65.8,65.7,36.83,95.87,63.72,95.87,0.0,0.0,0.0,0.0,0.0,0.0,0.0
2020-02-03,102.37,100.92,105.28,117.7,122.54,104.15,122.54,0.0,0.0,0.0,122.54,0.0,0.0,0.0
2020-02-04,93.93,111.76,110.4,71.5,0.0,117.62,0.0,0.0,0.0,0.0,0.0,0.0,0.0,0.0
2020-02-05,96.8,68.17,81.26,61.05,0.0,86.58,0.0,0.0,0.0,0.0,0.0,0.0,0.0,0.0
2020-02-06,63.76,40.0,54.5,95.96,83.25,52.62,0.0,0.0,0.0,83.25,0.0,83.25,0.0,0.0
2020-02-07,104.52,81.91,94.5,118.33,76.99,95.64,0.0,76.99,0.0,76.99,0.0,0.0,0.0,0.0
2020-02-08,105.69,80.15,95.55,112.17,0.0,101.8,0.0,0.0,0.0,0.0,0.0,0.0,0.0,0.0
2020-02-09,35.98,72.92,62.26,44.13,0.0,66.33,0.0,0.0,0.0,0.0,0.0,0.0,0.0,0.0
2020-02-10,91.77,67.86,97.07,0.0,0.0,103.42,0.0,0.0,0.0,0.0,0.0,0.0,0.0,0.0
2020-02-11,66.29,74.27,79.69,66.52,0.0,84.9,0.0,0.0,0.0,0.0,0.0,0.0,0.0,0.0
2020-02-12,93.18,48.49,74.53,114.28,74.36,74.55,0.0,74.36,74.36,0.0,0.0,0.0,0.0,0.0
2020-02-13,106.13,51.04,79.1,14.29,74.36,79.41,74.36,0.0,0.0,0.0,74.36,0.0,0.0,0.0
2020-02-14,104.24,58.33,86.09,77.74,80.93,86.42,80.93,0.0,0.0,0.0,0.0,0.0,0.0,0.0
2020-02-15,132.63,104.61,109.12,122.0,127.01,107.95,127.01,0.0,127.01,0.0,0.0,0.0,0.0,0.0
2020-02-16,56.78,57.85,56.73,83.57,54.38,56.88,54.38,54.38,0.0,0.0,0.0,0.0,54.38,0.0
2020-02-17,77.87,106.63,101.7,119.38,0.0,108.35,0.0,0.0,0.0,0.0,0.0,0.0,0.0,0.0
2020-02-18,64.65,70.45,65.99,131.46,228.09,55.39,0.0,0.0,0.0,0.0,228.09,0.0,0.0,0.0
2020-02-19,95.78,88.88,102.64,108.83,161.86,98.77,0.0,161.86,0.0,161.86,0.0,0.0,0.0,0.0
2020-02-20,69.68,66.05,70.87,29.58,179.65,63.76,76.99,0.0,0.0,0.0,102.66,0.0,0.0,0.0
2020-02-21,102.75,71.98,93.75,59.69,155.36,89.72,155.36,0.0,77.68,0.0,0.0,0.0,0.0,0.0
2020-02-22,167.79,64.56,127.46,22.59,117.57,128.11,117.57,0.0,0.0,0.0,0.0,0.0,0.0,0.0
2020-02-23,92.0,52.91,70.96,52.89,73.42,70.8,0.0,0.0,0.0,0.0,73.42,0.0,0.0,0.0
2020-02-24,86.53,112.45,108.63,108.53,263.64,98.5,263.64,150.65,0.0,0.0,0.0,0.0,0.0,0.0
2020-02-25,87.83,14.93,60.51,66.85,0.0,64.47,0.0,0.0,0.0,0.0,0.0,0.0,0.0,0.0
2020-02-26,66.41,73.33,78.06,58.64,0.0,83.16,0.0,0.0,0.0,0.0,0.0,0.0,0.0,0.0
2020-02-27,84.64,99.09,99.48,116.78,151.97,96.04,0.0,0.0,0.0,0.0,151.97,0.0,0.0,0.0
2020-02-28,110.63,103.61,102.39,91.58,158.91,98.7,158.91,0.0,0.0,0.0,0.0,0.0,0.0,0.0
2020-02-29,147.54,84.21,107.24,85.71,111.54,106.96,0.0,0.0,0.0,111.54,0.0,111.54,0.0,0.0
2020-03-01,87.59,62.47,69.0,41.14,0.0,73.51,0.0,0.0,0.0,0.0,0.0,0.0,0.0,0.0
2020-03-02,97.07,122.49,107.24,171.42,0.0,114.25,0.0,0.0,0.0,0.0,0.0,0.0,0.0,0.0
2020-03-03,85.62,109.42,93.18,87.51,0.0,99.27,0.0,0.0,0.0,0.0,0.0,0.0,0.0,0.0
2020-03-04,87.28,65.19,69.94,116.78,75.98,69.55,75.98,0.0,0.0,0.0,0.0,0.0,0.0,0.0
2020-03-05,73.27,50.56,60.28,53.92,0.0,64.22,0.0,0.0,0.0,0.0,0.0,0.0,0.0,0.0
2020-03-06,110.63,49.08,76.39,76.32,79.45,76.19,79.45,79.45,0.0,0.0,0.0,0.0,0.0,0.0
2020-03-07,102.21,119.43,120.13,104.46,217.5,113.76,108.75,0.0,0.0,0.0,0.0,108.75,0.0,0.0
2020-03-08,33.11,53.76,43.49,85.99,74.6,41.46,74.6,0.0,0.0,0.0,0.0,0.0,0.0,0.0
2020-03-09,61.81,89.37,77.48,90.96,0.0,82.55,0.0,0.0,0.0,0.0,0.0,0.0,0.0,0.0
2020-03-10,86.1,125.87,94.22,180.25,255.88,83.65,85.29,85.29,85.29,0.0,85.29,0.0,85.29,0.0
2020-03-11,76.99,50.6,66.36,84.98,73.73,65.88,73.73,73.73,73.73,73.73,0.0,0.0,0.0,0.0
2020-03-12,58.05,59.71,62.29,55.71,0.0,66.36,0.0,0.0,0.0,0.0,0.0,0.0,0.0,0.0
2020-03-13,42.09,48.42,52.22,51.63,0.0,55.64,0.0,0.0,0.0,0.0,0.0,0.0,0.0,0.0
2020-03-14,36.27,82.24,61.81,60.05,0.0,65.85,0.0,0.0,0.0,0.0,0.0,0.0,0.0,0.0
2020-03-15,36.88,42.11,37.65,21.43,0.0,40.11,0.0,0.0,0.0,0.0,0.0,0.0,0.0,0.0
2020-03-16,68.91,32.18,44.76,60.05,104.19,40.87,104.19,0.0,104.19,0.0,0.0,0.0,0.0,0.0
2020-03-17,62.05,52.43,53.82,65.22,84.88,51.79,84.88,0.0,0.0,0.0,84.88,0.0,0.0,0.0
2020-03-18,28.35,66.07,48.47,99.57,0.0,51.64,0.0,0.0,0.0,0.0,0.0,0.0,0.0,0.0
2020-03-19,52.79,30.13,45.72,122.67,0.0,48.71,0.0,0.0,0.0,0.0,0.0,0.0,0.0,0.0
2020-03-20,86.53,53.71,71.56,106.12,0.0,76.24,0.0,0.0,0.0,0.0,0.0,0.0,0.0,0.0
2020-03-21,32.74,80.69,67.34,67.76,0.0,71.74,0.0,0.0,0.0,0.0,0.0,0.0,0.0,0.0
2020-03-22,57.14,60.09,51.49,105.12,54.72,51.28,0.0,54.72,0.0,0.0,0.0,0.0,0.0,0.0
2020-03-23,74.61,34.62,59.32,121.11,126.09,54.96,126.09,126.09,0.0,0.0,0.0,0.0,0.0,0.0
2020-03-24,79.0,29.21,56.1,181.67,189.13,47.4,94.57,0.0,0.0,0.0,0.0,0.0,0.0,0.0
2020-03-25,32.89,16.21,28.99,90.75,0.0,30.89,0.0,0.0,0.0,0.0,0.0,0.0,0.0,0.0
2020-03-26,48.7,60.01,64.39,117.58,0.0,68.6,0.0,0.0,0.0,0.0,0.0,0.0,0.0,0.0
2020-03-27,79.54,36.19,68.31,67.53,0.0,72.78,0.0,0.0,0.0,0.0,0.0,0.0,0.0,0.0
2020-03-28,45.02,24.21,36.07,180.69,0.0,38.43,0.0,0.0,0.0,0.0,0.0,0.0,0.0,0.0
2020-03-29,31.98,48.22,39.79,155.72,54.04,38.86,54.04,0.0,0.0,0.0,0.0,0.0,0.0,0.0
2020-03-30,36.99,59.26,46.19,153.1,0.0,49.21,0.0,0.0,0.0,0.0,0.0,0.0,0.0,0.0
2020-03-31,45.59,38.52,45.93,161.75,0.0,48.93,0.0,0.0,0.0,0.0,0.0,0.0,0.0,0.0
2020-04-01,44.25,27.27,37.38,91.58,79.45,34.63,79.45,79.45,0.0,79.45,0.0,0.0,0.0,0.0
2020-04-02,45.35,44.71,43.78,143.0,0.0,46.64,0.0,0.0,0.0,0.0,0.0,0.0,0.0,0.0
2020-04-03,78.71,33.74,66.36,18.89,0.0,70.7,0.0,0.0,0.0,0.0,0.0,0.0,0.0,0.0
2020-04-04,40.11,55.36,51.86,110.69,0.0,55.25,0.0,0.0,0.0,0.0,0.0,0.0,0.0,0.0
2020-04-05,39.59,42.93,39.55,76.47,0.0,42.13,0.0,0.0,0.0,0.0,0.0,0.0,0.0,0.0
2020-04-06,69.22,4.27,43.22,119.38,0.0,46.05,0.0,0.0,0.0,0.0,0.0,0.0,0.0,0.0
2020-04-07,22.2,34.39,29.82,122.51,0.0,31.77,0.0,0.0,0.0,0.0,0.0,0.0,0.0,0.0
2020-04-08,34.61,11.37,27.12,111.42,0.0,28.89,0.0,0.0,0.0,0.0,0.0,0.0,0.0,0.0
2020-04-09,56.28,60.77,63.0,73.95,0.0,67.12,0.0,0.0,0.0,0.0,0.0,0.0,0.0,0.0
2020-04-10,70.13,31.43,50.58,105.56,91.58,47.9,91.58,0.0,0.0,0.0,0.0,0.0,0.0,0.0
2020-04-11,74.67,40.9,60.95,68.69,119.18,57.14,119.18,0.0,0.0,0.0,0.0,0.0,0.0,0.0
2020-04-12,34.28,16.9,29.1,31.54,0.0,31.0,0.0,0.0,0.0,0.0,0.0,0.0,0.0,0.0
2020-04-13,13.36,70.25,49.73,98.32,0.0,52.98,0.0,0.0,0.0,0.0,0.0,0.0,0.0,0.0
2020-04-14,42.26,34.72,38.63,142.52,67.44,36.75,67.44,0.0,0.0,0.0,0.0,0.0,0.0,0.0
2020-04-15,26.24,19.4,24.41,84.47,62.82,21.9,0.0,0.0,0.0,0.0,62.82,0.0,0.0,0.0
2020-04-16,46.78,19.42,39.07,40.77,0.0,41.62,0.0,0.0,0.0,0.0,0.0,0.0,0.0,0.0
2020-04-17,44.19,23.07,38.19,86.08,0.0,40.69,0.0,0.0,0.0,0.0,0.0,0.0,0.0,0.0
2020-04-18,54.73,21.58,51.46,80.55,0.0,54.83,0.0,0.0,0.0,0.0,0.0,0.0,0.0,0.0
2020-04-19,30.13,15.63,25.16,35.0,0.0,26.8,0.0,0.0,0.0,0.0,0.0,0.0,0.0,0.0
2020-04-20,19.17,34.01,24.78,21.16,0.0,26.4,0.0,0.0,0.0,0.0,0.0,0.0,0.0,0.0
2020-04-21,48.8,28.3,40.49,79.21,82.47,37.74,0.0,0.0,0.0,0.0,0.0,0.0,82.47,0.0
2020-04-22,55.06,54.29,51.48,82.88,71.9,50.14,0.0,0.0,0.0,0.0,0.0,0.0,71.9,0.0
2020-04-23,80.4,39.63,58.27,73.95,0.0,62.08,0.0,0.0,0.0,0.0,0.0,0.0,0.0,0.0
2020-04-24,63.2,46.73,54.16,87.2,151.31,47.81,75.65,75.65,75.65,0.0,0.0,0.0,75.65,0.0
2020-04-25,35.21,41.66,41.39,174.91,0.0,44.09,0.0,0.0,0.0,0.0,0.0,0.0,0.0,0.0
2020-04-26,8.88,28.02,21.92,39.21,0.0,23.35,0.0,0.0,0.0,0.0,0.0,0.0,0.0,0.0
2020-04-27,48.73,24.02,42.96,76.84,100.0,39.23,100.0,0.0,0.0,0.0,0.0,0.0,0.0,0.0
2020-04-28,61.69,38.7,51.08,61.9,0.0,54.42,0.0,0.0,0.0,0.0,0.0,0.0,0.0,0.0
2020-04-29,32.45,23.99,28.6,89.54,0.0,30.47,0.0,0.0,0.0,0.0,0.0,0.0,0.0,0.0
2020-04-30,68.47,18.17,46.43,87.2,75.65,44.52,75.65,0.0,0.0,0.0,0.0,0.0,0.0,0.0
2020-05-01,46.97,56.06,61.02,68.22,71.02,60.36,71.02,0.0,0.0,0.0,0.0,0.0,0.0,0.0
2020-05-02,37.86,70.91,57.84,83.57,108.75,54.51,108.75,0.0,0.0,0.0,0.0,0.0,0.0,0.0
2020-05-03,43.92,32.47,38.71,30.3,52.57,37.81,52.57,0.0,0.0,0.0,0.0,0.0,0.0,0.0
2020-05-04,28.67,60.07,52.65,59.34,102.96,49.36,0.0,0.0,0.0,102.96,0.0,102.96,0.0,0.0
2020-05-05,40.57,45.71,45.98,47.98,0.0,48.99,0.0,0.0,0.0,0.0,0.0,0.0,0.0,0.0
2020-05-06,38.72,19.09,34.13,15.26,0.0,36.36,0.0,0.0,0.0,0.0,0.0,0.0,0.0,0.0
2020-05-07,34.75,36.71,35.01,27.4,71.31,32.64,71.31,0.0,0.0,0.0,0.0,0.0,0.0,0.0
2020-05-08,62.12,38.28,45.63,57.14,74.36,43.76,74.36,0.0,0.0,0.0,0.0,0.0,0.0,0.0
2020-05-09,84.87,30.43,68.01,127.75,0.0,72.46,0.0,0.0,0.0,0.0,0.0,0.0,0.0,0.0
2020-05-10,51.55,30.86,43.28,50.8,0.0,46.1,0.0,0.0,0.0,0.0,0.0,0.0,0.0,0.0
2020-05-11,37.43,40.26,45.99,18.78,0.0,49.0,0.0,0.0,0.0,0.0,0.0,0.0,0.0,0.0
2020-05-12,52.92,31.89,50.11,48.68,0.0,53.38,0.0,0.0,0.0,0.0,0.0,0.0,0.0,0.0
2020-05-13,49.6,43.76,55.23,72.04,0.0,58.84,0.0,0.0,0.0,0.0,0.0,0.0,0.0,0.0
2020-05-14,49.39,58.94,51.94,71.73,0.0,55.34,0.0,0.0,0.0,0.0,0.0,0.0,0.0,0.0
2020-05-15,51.55,22.87,39.38,99.57,0.0,41.96,0.0,0.0,0.0,0.0,0.0,0.0,0.0,0.0
2020-05-16,109.46,43.17,83.62,120.82,0.0,89.09,0.0,0.0,0.0,0.0,0.0,0.0,0.0,0.0
2020-05-17,38.85,43.52,45.66,87.71,0.0,48.65,0.0,0.0,0.0,0.0,0.0,0.0,0.0,0.0
2020-05-18,67.3,62.45,62.81,152.94,0.0,66.92,0.0,0.0,0.0,0.0,0.0,0.0,0.0,0.0
2020-05-19,90.4,98.04,102.71,182.94,0.0,109.42,0.0,0.0,0.0,0.0,0.0,0.0,0.0,0.0
2020-05-20,100.02,49.3,80.0,138.0,159.63,74.8,159.63,0.0,0.0,0.0,0.0,0.0,0.0,0.0
2020-05-21,95.49,26.9,68.94,90.34,0.0,73.45,0.0,0.0,0.0,0.0,0.0,0.0,0.0,0.0
2020-05-22,170.51,27.6,113.66,168.54,73.11,116.31,0.0,0.0,0.0,0.0,73.11,0.0,0.0,0.0
2020-05-23,94.64,26.12,71.19,125.35,0.0,75.84,0.0,0.0,0.0,0.0,0.0,0.0,0.0,0.0
2020-05-24,52.83,24.18,37.7,20.83,126.48,31.9,54.21,0.0,0.0,54.21,72.27,0.0,0.0,0.0
2020-05-25,67.77,91.87,79.65,116.88,243.36,68.95,0.0,0.0,0.0,0.0,121.68,0.0,121.68,0.0
2020-05-26,68.44,67.47,58.32,94.43,327.69,40.71,229.38,0.0,0.0,98.31,98.31,0.0,0.0,0.0
2020-05-27,78.11,67.55,71.67,30.25,157.47,66.06,78.73,0.0,78.73,0.0,78.73,0.0,0.0,0.0
2020-05-28,144.48,73.96,97.96,107.34,106.42,97.41,0.0,0.0,0.0,0.0,0.0,0.0,106.42,0.0
2020-05-29,133.72,72.38,93.99,188.12,75.33,95.21,0.0,0.0,0.0,0.0,75.33,0.0,75.33,0.0
2020-05-30,139.77,60.07,109.52,158.24,102.96,109.95,0.0,0.0,102.96,0.0,0.0,0.0,102.96,0.0
2020-05-31,101.56,27.31,68.37,101.91,53.05,69.37,0.0,0.0,53.05,0.0,0.0,0.0,53.05,0.0
2020-06-01,57.68,92.41,72.04,139.28,0.0,76.75,0.0,0.0,0.0,0.0,0.0,0.0,0.0,0.0
2020-06-02,74.33,65.14,72.81,91.17,79.09,72.39,0.0,0.0,0.0,0.0,79.09,0.0,0.0,0.0
2020-06-03,92.98,75.95,93.67,102.63,0.0,99.79,0.0,0.0,0.0,0.0,0.0,0.0,0.0,0.0
2020-06-04,106.89,56.45,85.99,70.23,0.0,91.62,0.0,0.0,0.0,0.0,0.0,0.0,0.0,0.0
2020-06-05,63.89,68.03,70.59,141.04,73.42,70.4,0.0,0.0,0.0,0.0,73.42,0.0,0.0,0.0
2020-06-06,50.78,32.18,49.02,80.07,104.19,45.41,0.0,0.0,0.0,0.0,104.19,0.0,0.0,0.0
2020-06-07,29.55,47.33,41.24,50.96,159.15,33.53,0.0,0.0,0.0,0.0,159.15,0.0,0.0,0.0
2020-06-08,60.17,39.55,58.93,88.55,115.23,55.25,115.23,0.0,0.0,115.23,0.0,0.0,0.0,0.0
2020-06-09,31.22,21.55,31.19,34.46,0.0,33.23,0.0,0.0,0.0,0.0,0.0,0.0,0.0,0.0
2020-06-10,57.44,51.48,56.77,57.63,75.0,55.57,75.0,0.0,0.0,0.0,0.0,0.0,0.0,0.0
2020-06-11,72.04,44.72,61.15,44.18,0.0,65.15,0.0,0.0,0.0,0.0,0.0,0.0,0.0,0.0
2020-06-12,83.45,39.81,66.44,29.71,0.0,70.79,0.0,0.0,0.0,0.0,0.0,0.0,0.0,0.0
2020-06-13,47.72,28.95,40.99,60.78,0.0,43.67,0.0,0.0,0.0,0.0,0.0,0.0,0.0,0.0
2020-06-14,19.05,22.53,21.27,31.54,54.72,19.08,54.72,0.0,0.0,0.0,0.0,0.0,0.0,0.0
2020-06-15,50.83,25.05,39.83,23.38,0.0,42.43,0.0,0.0,0.0,0.0,0.0,0.0,0.0,0.0
2020-06-16,34.45,65.09,50.61,63.37,0.0,53.92,0.0,0.0,0.0,0.0,0.0,0.0,0.0,0.0
2020-06-17,55.3,96.06,80.47,72.67,75.65,80.79,75.65,75.65,0.0,0.0,0.0,0.0,0.0,0.0
2020-06-18,65.07,59.22,58.83,96.69,0.0,62.68,0.0,0.0,0.0,0.0,0.0,0.0,0.0,0.0
2020-06-19,89.45,80.63,81.1,56.42,0.0,86.4,0.0,0.0,0.0,0.0,0.0,0.0,0.0,0.0
2020-06-20,84.87,57.05,83.88,85.17,0.0,89.37,0.0,0.0,0.0,0.0,0.0,0.0,0.0,0.0
2020-06-21,55.59,30.23,45.06,52.89,0.0,48.0,0.0,0.0,0.0,0.0,0.0,0.0,0.0,0.0
2020-06-22,79.5,93.3,84.54,83.57,108.75,82.95,108.75,108.75,0.0,0.0,108.75,0.0,0.0,0.0
2020-06-23,99.06,47.44,78.17,46.86,81.31,77.97,0.0,81.31,0.0,0.0,81.31,0.0,0.0,0.0
2020-06-24,61.86,40.66,51.5,56.9,148.09,45.18,148.09,74.04,0.0,0.0,0.0,0.0,0.0,0.0
2020-06-25,41.24,35.57,40.9,28.45,0.0,43.57,0.0,0.0,0.0,0.0,0.0,0.0,0.0,0.0
2020-06-26,67.3,79.62,75.93,59.43,0.0,80.9,0.0,0.0,0.0,0.0,0.0,0.0,0.0,0.0
2020-06-27,71.26,78.06,65.14,21.85,0.0,69.4,0.0,0.0,0.0,0.0,0.0,0.0,0.0,0.0
2020-06-28,58.24,40.19,54.76,32.14,55.77,54.69,55.77,0.0,0.0,0.0,0.0,0.0,0.0,0.0
2020-06-29,80.22,79.09,68.36,88.55,0.0,72.83,0.0,0.0,0.0,0.0,0.0,0.0,0.0,0.0
2020-06-30,147.87,140.17,133.69,109.86,163.38,131.74,81.69,81.69,0.0,0.0,0.0,0.0,81.69,0.0
2020-07-01,127.25,153.05,136.09,98.32,73.11,140.21,73.11,0.0,0.0,0.0,0.0,0.0,0.0,0.0
2020-07-02,94.96,129.04,111.61,28.33,0.0,118.91,0.0,0.0,0.0,0.0,0.0,0.0,0.0,0.0
2020-07-03,96.91,119.43,92.54,66.85,87.0,92.91,87.0,0.0,0.0,87.0,0.0,0.0,0.0,0.0
2020-07-04,81.62,105.88,78.26,71.12,0.0,83.37,0.0,0.0,0.0,0.0,0.0,0.0,0.0,0.0
2020-07-05,74.95,63.91,64.28,44.72,116.39,60.88,116.39,0.0,0.0,0.0,0.0,0.0,58.19,0.0
2020-07-06,64.44,33.88,58.06,23.71,0.0,61.86,0.0,0.0,0.0,0.0,0.0,0.0,0.0,0.0
2020-07-07,53.97,62.08,68.72,49.64,0.0,73.21,0.0,0.0,0.0,0.0,0.0,0.0,0.0,0.0
2020-07-08,95.25,40.93,73.2,40.44,0.0,77.98,0.0,0.0,0.0,0.0,0.0,0.0,0.0,0.0
2020-07-09,62.39,35.88,53.47,86.08,0.0,56.96,0.0,0.0,0.0,0.0,0.0,0.0,0.0,0.0
2020-07-10,88.15,22.43,55.15,15.69,0.0,58.75,0.0,0.0,0.0,0.0,0.0,0.0,0.0,0.0
2020-07-11,101.6,61.64,82.67,43.13,0.0,88.07,0.0,0.0,0.0,0.0,0.0,0.0,0.0,0.0
2020-07-12,56.56,53.96,52.53,30.21,52.41,52.54,52.41,0.0,0.0,0.0,0.0,0.0,0.0,0.0
2020-07-13,57.14,63.84,71.64,84.09,218.87,62.01,109.43,0.0,0.0,0.0,0.0,109.43,109.43,0.0
2020-07-14,74.99,79.62,81.36,95.51,165.72,75.84,0.0,0.0,0.0,82.86,0.0,0.0,165.72,0.0
2020-07-15,97.69,33.02,67.25,77.02,160.37,61.16,80.18,0.0,0.0,80.18,0.0,0.0,80.18,0.0
2020-07-16,76.05,16.07,47.88,0.0,0.0,51.01,0.0,0.0,0.0,0.0,0.0,0.0,0.0,0.0
2020-07-17,110.65,37.32,75.29,48.21,0.0,80.22,0.0,0.0,0.0,0.0,0.0,0.0,0.0,0.0
2020-07-18,65.93,28.44,53.27,68.22,118.37,49.01,118.37,0.0,0.0,0.0,0.0,0.0,0.0,0.0
2020-07-19,23.16,26.34,26.17,9.83,0.0,27.88,0.0,0.0,0.0,0.0,0.0,0.0,0.0,0.0
2020-07-20,21.03,49.76,42.02,139.28,120.83,36.87,120.83,0.0,0.0,0.0,0.0,0.0,0.0,0.0
2020-07-21,91.77,77.55,89.37,115.77,175.76,83.72,75.33,0.0,0.0,0.0,100.43,0.0,75.33,0.0
2020-07-22,113.41,63.53,98.45,99.57,74.04,100.05,0.0,0.0,0.0,0.0,0.0,0.0,74.04,0.0
2020-07-23,89.73,52.53,82.39,61.9,0.0,87.78,0.0,0.0,0.0,0.0,0.0,0.0,0.0,0.0
2020-07-24,73.66,37.66,60.93,75.29,0.0,64.91,0.0,0.0,0.0,0.0,0.0,0.0,0.0,0.0
2020-07-25,122.72,97.57,107.01,65.54,227.45,99.14,0.0,113.73,113.73,0.0,113.73,0.0,0.0,0.0
2020-07-26,53.44,52.69,49.2,49.16,0.0,52.42,0.0,0.0,0.0,0.0,0.0,0.0,0.0,0.0
2020-07-27,77.76,76.66,91.39,90.34,0.0,97.36,0.0,0.0,0.0,0.0,0.0,0.0,0.0,0.0
2020-07-28,62.27,58.6,68.19,78.1,243.93,56.7,162.62,0.0,0.0,0.0,0.0,0.0,81.31,0.0
2020-07-29,78.23,49.76,62.29,111.42,0.0,66.36,0.0,0.0,0.0,0.0,0.0,0.0,0.0,0.0
2020-07-30,118.5,57.12,83.57,116.27,75.65,84.09,0.0,0.0,0.0,0.0,0.0,0.0,75.65,0.0
2020-07-31,90.73,55.6,79.26,81.2,0.0,84.44,0.0,0.0,0.0,0.0,0.0,0.0,0.0,0.0
2020-08-01,96.61,91.59,109.18,82.03,0.0,116.32,0.0,0.0,0.0,0.0,0.0,0.0,0.0,0.0
2020-08-02,59.05,22.53,43.65,21.02,54.72,42.93,54.72,0.0,0.0,0.0,0.0,0.0,0.0,0.0
2020-08-03,87.92,25.68,61.24,35.94,93.55,59.12,0.0,93.55,0.0,93.55,0.0,0.0,0.0,0.0
2020-08-04,75.37,66.35,79.1,44.57,232.0,69.1,232.0,77.33,0.0,0.0,0.0,0.0,0.0,0.0
2020-08-05,31.06,38.28,41.07,0.0,74.36,38.89,74.36,74.36,0.0,0.0,0.0,0.0,0.0,0.0
2020-08-06,77.84,47.96,65.76,93.97,69.88,65.49,69.88,0.0,0.0,0.0,0.0,0.0,0.0,0.0
2020-08-07,110.13,100.0,112.4,63.98,0.0,119.75,0.0,0.0,0.0,0.0,0.0,0.0,0.0,0.0
2020-08-08,140.68,104.02,137.78,64.7,0.0,146.79,0.0,0.0,0.0,0.0,0.0,0.0,0.0,0.0
2020-08-09,61.47,71.3,63.75,49.89,51.94,64.52,51.94,0.0,0.0,0.0,0.0,0.0,0.0,0.0
2020-08-10,58.03,160.91,98.04,40.03,0.0,104.45,0.0,0.0,0.0,0.0,0.0,0.0,0.0,0.0
2020-08-11,49.39,140.96,96.24,28.69,0.0,102.53,0.0,0.0,0.0,0.0,0.0,0.0,0.0,0.0
2020-08-12,46.59,62.01,62.97,77.14,0.0,67.09,0.0,0.0,0.0,0.0,0.0,0.0,0.0,0.0
2020-08-13,62.19,61.31,65.15,59.69,77.68,64.33,77.68,0.0,0.0,0.0,0.0,0.0,0.0,0.0
2020-08-14,94.03,81.8,91.02,30.53,79.45,91.77,79.45,0.0,0.0,79.45,0.0,0.0,0.0,0.0
2020-08-15,148.41,110.73,132.0,243.51,230.47,125.57,230.47,0.0,0.0,115.23,0.0,0.0,0.0,0.0
2020-08-16,84.12,77.41,70.31,72.22,107.41,67.88,107.41,0.0,53.7,0.0,0.0,0.0,0.0,0.0
2020-08-17,79.32,49.76,61.44,59.69,103.57,58.69,0.0,103.57,0.0,0.0,0.0,0.0,0.0,0.0
2020-08-18,100.5,64.27,97.36,74.95,0.0,103.73,0.0,0.0,0.0,0.0,0.0,0.0,0.0,0.0
2020-08-19,58.05,57.23,68.22,13.93,145.0,63.2,72.5,0.0,0.0,0.0,72.5,0.0,0.0,0.0
2020-08-20,77.77,85.97,87.25,91.05,135.41,84.11,0.0,67.7,0.0,0.0,67.7,0.0,0.0,0.0
2020-08-21,86.93,88.46,97.22,139.28,80.56,98.31,0.0,0.0,0.0,0.0,80.56,0.0,0.0,0.0
2020-08-22,52.34,103.21,92.28,20.63,107.41,91.29,0.0,0.0,0.0,0.0,107.41,0.0,0.0,0.0
2020-08-23,42.6,56.61,52.25,30.67,0.0,55.66,0.0,0.0,0.0,0.0,0.0,0.0,0.0,0.0
2020-08-24,38.07,61.42,46.78,19.1,0.0,49.84,0.0,0.0,0.0,0.0,0.0,0.0,0.0,0.0
2020-08-25,60.57,67.18,68.22,69.64,0.0,72.68,0.0,0.0,0.0,0.0,0.0,0.0,0.0,0.0
2020-08-26,60.57,47.27,59.32,0.0,0.0,63.2,0.0,0.0,0.0,0.0,0.0,0.0,0.0,0.0
2020-08-27,69.98,88.02,87.92,106.54,0.0,93.67,0.0,0.0,0.0,0.0,0.0,0.0,0.0,0.0
2020-08-28,78.07,71.66,77.52,118.85,154.67,72.47,77.33,77.33,0.0,77.33,0.0,0.0,0.0,0.0
2020-08-29,40.38,63.69,61.7,22.28,116.0,58.15,0.0,0.0,0.0,0.0,0.0,0.0,116.0,0.0
2020-08-30,62.73,42.51,55.29,10.82,56.31,55.22,0.0,0.0,0.0,0.0,0.0,0.0,56.31,0.0
2020-08-31,128.95,111.72,126.3,86.26,0.0,134.56,0.0,0.0,0.0,0.0,0.0,0.0,0.0,0.0
2020-09-01,151.42,140.14,134.39,85.27,0.0,143.17,0.0,0.0,0.0,0.0,0.0,0.0,0.0,0.0
2020-09-02,105.02,81.87,76.07,80.87,0.0,81.04,0.0,0.0,0.0,0.0,0.0,0.0,0.0,0.0
2020-09-03,85.35,92.28,93.84,75.97,79.09,94.8,79.09,79.09,0.0,0.0,79.09,0.0,0.0,0.0
2020-09-04,134.25,110.81,119.26,120.61,269.07,109.46,0.0,89.69,0.0,0.0,179.38,0.0,0.0,0.0
2020-09-05,65.17,83.15,76.59,63.47,0.0,81.6,0.0,0.0,0.0,0.0,0.0,0.0,0.0,0.0
2020-09-06,73.37,31.96,56.15,37.66,0.0,59.82,0.0,0.0,0.0,0.0,0.0,0.0,0.0,0.0
2020-09-07,69.0,41.57,65.33,21.16,0.0,69.6,0.0,0.0,0.0,0.0,0.0,0.0,0.0,0.0
2020-09-08,50.71,108.32,89.4,31.1,0.0,95.24,0.0,0.0,0.0,0.0,0.0,0.0,0.0,0.0
2020-09-09,83.35,82.17,86.54,46.0,0.0,92.19,0.0,0.0,0.0,0.0,0.0,0.0,0.0,0.0
2020-09-10,59.79,76.88,76.38,71.73,149.36,71.61,74.68,0.0,0.0,0.0,0.0,74.68,0.0,0.0
2020-09-11,108.16,127.96,123.94,134.31,77.68,126.97,0.0,0.0,0.0,0.0,0.0,77.68,0.0,0.0
2020-09-12,148.64,51.29,104.82,123.05,106.75,104.69,106.75,0.0,0.0,0.0,0.0,0.0,0.0,0.0
2020-09-13,59.14,47.7,52.65,98.9,0.0,56.1,0.0,0.0,0.0,0.0,0.0,0.0,0.0,0.0
2020-09-14,95.84,79.37,85.61,84.63,0.0,91.2,0.0,0.0,0.0,0.0,0.0,0.0,0.0,0.0
2020-09-15,141.87,72.62,118.65,120.46,156.76,116.15,0.0,78.38,78.38,78.38,0.0,0.0,0.0,0.0
2020-09-16,109.65,56.63,81.31,43.22,0.0,86.63,0.0,0.0,0.0,0.0,0.0,0.0,0.0,0.0
2020-09-17,68.89,82.07,84.35,110.9,0.0,89.86,0.0,0.0,0.0,0.0,0.0,0.0,0.0,0.0
2020-09-18,86.13,46.57,78.37,76.67,0.0,83.5,0.0,0.0,0.0,0.0,0.0,0.0,0.0,0.0
2020-09-19,105.81,39.57,70.76,20.14,104.82,68.53,104.82,0.0,0.0,0.0,0.0,0.0,0.0,0.0
2020-09-20,56.73,46.91,47.32,60.59,52.57,46.97,52.57,0.0,52.57,0.0,0.0,0.0,0.0,0.0
2020-09-21,84.51,62.49,74.5,19.43,0.0,79.37,0.0,0.0,0.0,0.0,0.0,0.0,0.0,0.0
2020-09-22,52.44,46.53,50.85,72.35,0.0,54.17,0.0,0.0,0.0,0.0,0.0,0.0,0.0,0.0
2020-09-23,83.08,34.35,64.57,59.16,0.0,68.79,0.0,0.0,0.0,0.0,0.0,0.0,0.0,0.0
2020-09-24,35.93,60.73,57.31,42.49,73.73,56.24,0.0,73.73,0.0,0.0,0.0,0.0,0.0,0.0
2020-09-25,58.19,83.44,77.72,72.99,0.0,82.8,0.0,0.0,0.0,0.0,0.0,0.0,0.0,0.0
2020-09-26,71.26,60.67,74.23,89.38,0.0,79.09,0.0,0.0,0.0,0.0,0.0,0.0,0.0,0.0
2020-09-27,49.11,28.69,45.96,70.27,0.0,48.97,0.0,0.0,0.0,0.0,0.0,0.0,0.0,0.0
2020-09-28,48.73,48.05,57.28,57.63,100.0,54.48,0.0,0.0,0.0,0.0,100.0,0.0,0.0,0.0
2020-09-29,82.85,47.88,67.16,31.54,0.0,71.55,0.0,0.0,0.0,0.0,0.0,0.0,0.0,0.0
2020-09-30,84.69,50.6,67.87,84.98,147.46,62.67,147.46,0.0,0.0,0.0,0.0,0.0,0.0,0.0
2020-10-01,134.6,37.16,96.5,74.28,0.0,102.81,0.0,0.0,0.0,0.0,0.0,0.0,0.0,0.0
2020-10-02,81.99,67.8,79.27,102.18,0.0,84.45,0.0,0.0,0.0,0.0,0.0,0.0,0.0,0.0
2020-10-03,71.46,46.97,53.99,112.68,0.0,57.52,0.0,0.0,0.0,0.0,0.0,0.0,0.0,0.0
2020-10-04,56.3,33.64,44.12,75.33,0.0,47.0,0.0,0.0,0.0,0.0,0.0,0.0,0.0,0.0
2020-10-05,85.59,29.21,58.03,72.67,0.0,61.83,0.0,0.0,0.0,0.0,0.0,0.0,0.0,0.0
2020-10-06,29.98,29.56,35.24,148.93,0.0,37.55,0.0,0.0,0.0,0.0,0.0,0.0,0.0,0.0
2020-10-07,70.19,53.82,64.16,129.12,0.0,68.36,0.0,0.0,0.0,0.0,0.0,0.0,0.0,0.0
2020-10-08,47.51,28.1,44.67,39.33,68.24,43.13,0.0,68.24,0.0,0.0,0.0,0.0,0.0,0.0
2020-10-09,75.02,52.04,70.21,107.34,159.63,64.36,159.63,0.0,0.0,0.0,0.0,0.0,79.82,0.0
2020-10-10,79.32,88.86,80.51,119.38,207.14,72.23,0.0,0.0,0.0,0.0,0.0,0.0,207.14,0.0
2020-10-11,67.3,47.14,62.45,29.32,101.76,59.88,0.0,0.0,0.0,0.0,0.0,0.0,101.76,0.0
2020-10-12,104.55,56.87,76.27,39.79,0.0,81.26,0.0,0.0,0.0,0.0,0.0,0.0,0.0,0.0
2020-10-13,114.82,45.28,86.03,79.21,0.0,91.66,0.0,0.0,0.0,0.0,0.0,0.0,0.0,0.0
2020-10-14,48.36,47.68,52.78,38.13,0.0,56.23,0.0,0.0,0.0,0.0,0.0,0.0,0.0,0.0
2020-10-15,88.7,24.98,68.51,55.95,72.8,68.23,72.8,0.0,0.0,0.0,0.0,0.0,0.0,0.0
2020-10-16,103.98,89.7,105.41,28.69,74.68,107.42,74.68,0.0,0.0,0.0,0.0,0.0,0.0,0.0
2020-10-17,115.0,94.48,110.39,84.63,0.0,117.6,0.0,0.0,0.0,0.0,0.0,0.0,0.0,0.0
2020-10-18,61.69,77.41,69.21,61.9,53.7,70.22,0.0,0.0,0.0,0.0,0.0,0.0,53.7,0.0
2020-10-19,61.73,68.46,77.08,106.46,0.0,82.12,0.0,0.0,0.0,0.0,0.0,0.0,0.0,0.0
2020-10-20,88.83,100.85,91.75,118.85,0.0,97.75,0.0,0.0,0.0,0.0,0.0,0.0,0.0,0.0
2020-10-21,59.79,79.45,71.8,43.04,0.0,76.49,0.0,0.0,0.0,0.0,0.0,0.0,0.0,0.0
2020-10-22,48.85,50.56,55.97,40.44,93.55,53.52,0.0,0.0,0.0,0.0,0.0,0.0,93.55,0.0
2020-10-23,55.54,18.25,41.97,29.19,75.98,39.74,0.0,0.0,0.0,0.0,75.98,0.0,0.0,0.0
2020-10-24,84.51,72.91,86.92,77.74,202.33,79.37,0.0,0.0,0.0,0.0,202.33,0.0,0.0,0.0
2020-10-25,50.04,34.02,43.61,38.09,49.57,43.21,49.57,49.57,0.0,0.0,0.0,0.0,0.0,0.0
2020-10-26,76.62,61.15,57.89,40.27,0.0,61.68,0.0,0.0,0.0,0.0,0.0,0.0,0.0,0.0
2020-10-27,58.35,52.04,68.58,46.0,0.0,73.06,0.0,0.0,0.0,0.0,0.0,0.0,0.0,0.0
2020-10-28,68.66,91.87,77.82,67.67,0.0,82.9,0.0,0.0,0.0,0.0,0.0,0.0,0.0,0.0
2020-10-29,59.03,83.5,75.41,14.16,98.31,73.91,0.0,0.0,0.0,0.0,0.0,0.0,98.31,0.0
2020-10-30,71.1,72.69,61.9,87.2,151.31,56.06,151.31,75.65,0.0,75.65,0.0,0.0,0.0,0.0
2020-10-31,61.95,40.71,48.54,18.99,0.0,51.71,0.0,0.0,0.0,0.0,0.0,0.0,0.0,0.0
2020-11-01,53.34,27.14,47.53,37.99,0.0,50.63,0.0,0.0,0.0,0.0,0.0,0.0,0.0,0.0
2020-11-02,84.3,12.31,55.04,86.15,0.0,58.64,0.0,0.0,0.0,0.0,0.0,0.0,0.0,0.0
2020-11-03,60.29,72.95,78.92,90.75,0.0,84.08,0.0,0.0,0.0,0.0,0.0,0.0,0.0,0.0
2020-11-04,35.33,42.3,40.04,41.78,0.0,42.66,0.0,0.0,0.0,0.0,0.0,0.0,0.0,0.0
2020-11-05,36.93,33.98,34.73,67.94,0.0,37.0,0.0,0.0,0.0,0.0,0.0,0.0,0.0,0.0
2020-11-06,38.04,60.58,53.3,48.45,0.0,56.79,0.0,0.0,0.0,0.0,0.0,0.0,0.0,0.0
2020-11-07,58.5,74.64,74.83,75.97,0.0,79.72,0.0,0.0,0.0,0.0,0.0,0.0,0.0,0.0
2020-11-08,34.22,21.93,33.18,47.21,0.0,35.35,0.0,0.0,0.0,0.0,0.0,0.0,0.0,0.0
2020-11-09,131.39,25.28,88.51,141.49,0.0,94.3,0.0,0.0,0.0,0.0,0.0,0.0,0.0,0.0
2020-11-10,81.28,28.44,64.72,57.88,0.0,68.95,0.0,0.0,0.0,0.0,0.0,0.0,0.0,0.0
2020-11-11,70.66,54.74,69.7,41.78,72.5,69.52,0.0,0.0,0.0,0.0,72.5,0.0,0.0,0.0
2020-11-12,61.86,83.85,83.3,56.9,74.04,83.91,74.04,0.0,0.0,0.0,0.0,0.0,0.0,0.0
2020-11-13,65.95,45.12,60.91,89.14,77.33,59.83,0.0,77.33,77.33,0.0,0.0,0.0,0.0,0.0
2020-11-14,51.19,46.26,57.65,23.54,0.0,61.42,0.0,0.0,0.0,0.0,0.0,0.0,0.0,0.0
2020-11-15,17.7,60.1,46.23,75.97,150.65,39.4,0.0,0.0,0.0,0.0,75.33,0.0,0.0,0.0
2020-11-16,80.27,104.32,90.06,40.27,209.64,82.24,209.64,0.0,0.0,104.82,0.0,104.82,104.82,0.0
2020-11-17,70.1,24.88,56.03,61.9,80.56,54.42,80.56,0.0,0.0,0.0,0.0,0.0,0.0,0.0
2020-11-18,82.81,65.31,70.91,117.52,67.97,71.1,67.97,0.0,0.0,0.0,0.0,0.0,0.0,0.0
2020-11-19,54.84,90.92,76.17,41.27,71.61,76.47,71.61,0.0,0.0,0.0,0.0,0.0,0.0,0.0
2020-11-20,69.46,49.3,70.21,30.67,0.0,74.8,0.0,0.0,0.0,0.0,0.0,0.0,0.0,0.0
2020-11-21,44.87,70.03,61.52,41.27,214.82,51.5,0.0,107.41,0.0,0.0,0.0,0.0,214.82,0.0
2020-11-22,43.0,51.6,47.24,20.63,161.11,39.79,107.41,53.7,0.0,0.0,0.0,0.0,53.7,0.0
2020-11-23,83.42,92.97,78.86,0.0,0.0,84.02,0.0,0.0,0.0,0.0,0.0,0.0,0.0,0.0
2020-11-24,71.64,38.52,59.32,107.83,187.1,50.97,187.1,0.0,0.0,0.0,0.0,0.0,0.0,0.0
2020-11-25,94.09,52.18,81.21,64.91,0.0,86.52,0.0,0.0,0.0,0.0,0.0,0.0,0.0,0.0
2020-11-26,38.03,74.98,60.65,59.96,0.0,64.62,0.0,0.0,0.0,0.0,0.0,0.0,0.0,0.0
2020-11-27,72.03,61.33,75.04,72.28,0.0,79.94,0.0,0.0,0.0,0.0,0.0,0.0,0.0,0.0
2020-11-28,83.86,119.43,112.26,77.14,0.0,119.6,0.0,0.0,0.0,0.0,0.0,0.0,0.0,0.0
2020-11-29,56.98,58.26,53.33,93.18,121.26,48.89,121.26,0.0,0.0,0.0,0.0,0.0,0.0,0.0
2020-11-30,77.65,65.07,70.73,64.28,0.0,75.36,0.0,0.0,0.0,0.0,0.0,0.0,0.0,0.0
2020-12-01,75.71,92.56,78.31,167.14,174.0,72.05,174.0,0.0,0.0,0.0,0.0,0.0,0.0,0.0
2020-12-02,90.98,69.2,80.96,100.43,74.68,81.38,74.68,0.0,0.0,0.0,0.0,0.0,0.0,0.0
2020-12-03,72.17,60.98,62.1,28.45,74.04,61.32,74.04,0.0,0.0,0.0,0.0,0.0,0.0,0.0
2020-12-04,90.59,58.69,77.58,71.43,0.0,82.65,0.0,0.0,0.0,0.0,0.0,0.0,0.0,0.0
2020-12-05,84.12,87.08,101.34,92.85,0.0,107.97,0.0,0.0,0.0,0.0,0.0,0.0,0.0,0.0
2020-12-06,42.86,47.77,43.81,82.28,0.0,46.67,0.0,0.0,0.0,0.0,0.0,0.0,0.0,0.0
2020-12-07,69.0,37.79,56.32,63.47,0.0,60.0,0.0,0.0,0.0,0.0,0.0,0.0,0.0,0.0
2020-12-08,89.73,38.7,79.1,61.9,161.11,73.74,80.56,0.0,0.0,80.56,0.0,80.56,0.0,0.0
2020-12-09,74.26,50.33,69.55,76.84,66.67,69.74,66.67,0.0,0.0,0.0,0.0,0.0,0.0,0.0
2020-12-10,109.67,63.89,80.56,82.54,143.21,76.47,143.21,0.0,0.0,0.0,0.0,0.0,0.0,0.0
2020-12-11,102.33,46.35,87.77,76.32,0.0,93.5,0.0,0.0,0.0,0.0,0.0,0.0,0.0,0.0
2020-12-12,53.0,74.64,71.19,41.78,0.0,75.84,0.0,0.0,0.0,0.0,0.0,0.0,0.0,0.0
2020-12-13,48.32,64.65,56.79,38.09,0.0,60.5,0.0,0.0,0.0,0.0,0.0,0.0,0.0,0.0
2020-12-14,46.85,56.08,60.96,36.94,0.0,64.95,0.0,0.0,0.0,0.0,0.0,0.0,0.0,0.0
2020-12-15,52.92,110.15,91.58,129.81,84.47,92.04,84.47,0.0,0.0,0.0,0.0,0.0,0.0,0.0
2020-12-16,46.99,69.49,64.44,86.45,0.0,68.65,0.0,0.0,0.0,0.0,0.0,0.0,0.0,0.0
2020-12-17,51.99,112.76,93.19,57.39,0.0,99.28,0.0,0.0,0.0,0.0,0.0,0.0,0.0,0.0
2020-12-18,107.61,57.59,88.53,118.78,0.0,94.32,0.0,0.0,0.0,0.0,0.0,0.0,0.0,0.0
2020-12-19,75.71,90.36,84.3,43.98,0.0,89.81,0.0,0.0,0.0,0.0,0.0,0.0,0.0,0.0
2020-12-20,49.81,23.57,40.98,11.0,0.0,43.66,0.0,0.0,0.0,0.0,0.0,0.0,0.0,0.0
2020-12-21,95.18,72.51,81.36,71.63,0.0,86.68,0.0,0.0,0.0,0.0,0.0,0.0,0.0,0.0
2020-12-22,69.89,97.61,88.98,64.28,0.0,94.8,0.0,0.0,0.0,0.0,0.0,0.0,0.0,0.0
2020-12-23,48.76,60.73,55.8,56.66,73.73,54.63,0.0,0.0,0.0,73.73,0.0,73.73,0.0,0.0
2020-12-24,54.28,45.07,53.73,78.84,0.0,57.24,0.0,0.0,0.0,0.0,0.0,0.0,0.0,0.0
2020-12-25,46.59,75.16,72.18,70.13,0.0,76.9,0.0,0.0,0.0,0.0,0.0,0.0,0.0,0.0
2020-12-26,23.3,97.61,71.87,64.28,0.0,76.57,0.0,0.0,0.0,0.0,0.0,0.0,0.0,0.0
2020-12-27,32.33,53.13,46.87,35.69,0.0,49.93,0.0,0.0,0.0,0.0,0.0,0.0,0.0,0.0
2020-12-28,66.73,80.97,78.43,84.98,0.0,83.55,0.0,0.0,0.0,0.0,0.0,0.0,0.0,0.0
2020-12-29,62.03,133.1,98.63,60.41,0.0,105.08,0.0,0.0,0.0,0.0,0.0,0.0,0.0,0.0
2020-12-30,25.24,49.76,44.49,34.82,0.0,47.4,0.0,0.0,0.0,0.0,0.0,0.0,0.0,0.0
2020-12-31,73.42,83.24,88.45,101.29,105.46,87.33,105.46,0.0,0.0,0.0,0.0,0.0,0.0,0.0
2021-01-01,69.89,42.11,61.6,128.57,0.0,65.63,0.0,0.0,0.0,0.0,0.0,0.0,0.0,0.0
2021-01-02,107.2,42.28,88.2,29.58,0.0,93.96,0.0,0.0,0.0,0.0,0.0,0.0,0.0,0.0
2021-01-03,59.04,45.27,51.4,24.14,0.0,54.76,0.0,0.0,0.0,0.0,0.0,0.0,0.0,0.0
2021-01-04,110.47,33.8,76.11,168.19,109.43,73.93,109.43,0.0,0.0,0.0,0.0,0.0,0.0,0.0
2021-01-05,94.09,57.97,72.57,113.59,84.47,71.79,84.47,0.0,0.0,0.0,0.0,0.0,0.0,0.0
2021-01-06,89.84,97.14,97.07,127.95,166.51,92.53,83.25,0.0,0.0,83.25,0.0,0.0,0.0,0.0
2021-01-07,39.39,84.96,73.79,13.59,0.0,78.62,0.0,0.0,0.0,0.0,0.0,0.0,0.0,0.0
2021-01-08,51.43,95.77,77.23,110.37,0.0,82.28,0.0,0.0,0.0,0.0,0.0,0.0,0.0,0.0
2021-01-09,80.0,48.82,69.4,105.12,0.0,73.93,0.0,0.0,0.0,0.0,0.0,0.0,0.0,0.0
2021-01-10,55.88,56.87,61.44,79.59,0.0,65.46,0.0,0.0,0.0,0.0,0.0,0.0,0.0,0.0
2021-01-11,78.58,119.43,94.28,54.21,0.0,100.44,0.0,0.0,0.0,0.0,0.0,0.0,0.0,0.0
2021-01-12,134.03,91.48,119.66,184.92,0.0,127.48,0.0,0.0,0.0,0.0,0.0,0.0,0.0,0.0
2021-01-13,169.09,94.55,120.13,83.57,72.5,123.24,72.5,0.0,0.0,0.0,0.0,0.0,0.0,0.0
2021-01-14,150.82,77.89,111.14,52.85,0.0,118.41,0.0,0.0,0.0,0.0,0.0,0.0,0.0,0.0
2021-01-15,174.92,77.22,119.67,115.27,75.0,122.59,0.0,0.0,75.0,0.0,0.0,0.0,75.0,0.0
2021-01-16,136.54,93.19,113.16,173.9,0.0,120.56,0.0,0.0,0.0,0.0,0.0,0.0,0.0,0.0
2021-01-17,112.89,97.17,95.83,79.12,51.48,98.73,51.48,0.0,51.48,0.0,0.0,0.0,0.0,0.0
2021-01-18,182.08,120.89,141.94,102.54,0.0,151.22,0.0,0.0,0.0,0.0,0.0,0.0,0.0,0.0
2021-01-19,108.07,49.55,76.8,27.74,0.0,81.82,0.0,0.0,0.0,0.0,0.0,0.0,0.0,0.0
2021-01-20,68.49,80.18,76.72,23.62,122.97,73.7,0.0,0.0,0.0,61.48,0.0,0.0,61.48,0.0
2021-01-21,56.29,44.4,51.6,24.85,64.68,50.75,0.0,0.0,0.0,0.0,0.0,0.0,64.68,0.0
2021-01-22,123.28,47.56,91.35,73.95,0.0,97.32,0.0,0.0,0.0,0.0,0.0,0.0,0.0,0.0
2021-01-23,65.02,30.36,56.31,18.89,0.0,59.99,0.0,0.0,0.0,0.0,0.0,0.0,0.0,0.0
2021-01-24,55.41,30.14,44.91,42.18,0.0,47.85,0.0,0.0,0.0,0.0,0.0,0.0,0.0,0.0
2021-01-25,67.3,48.89,47.87,58.64,0.0,51.0,0.0,0.0,0.0,0.0,0.0,0.0,0.0,0.0
2021-01-26,68.83,59.71,63.1,30.39,0.0,67.22,0.0,0.0,0.0,0.0,0.0,0.0,0.0,0.0
2021-01-27,81.99,80.84,79.27,102.18,0.0,84.45,0.0,0.0,0.0,0.0,0.0,0.0,0.0,0.0
2021-01-28,59.22,55.73,58.53,89.14,0.0,62.36,0.0,0.0,0.0,0.0,0.0,0.0,0.0,0.0
2021-01-29,99.16,71.34,92.92,103.54,0.0,99.0,0.0,0.0,0.0,0.0,0.0,0.0,0.0,0.0
2021-01-30,85.42,42.11,70.73,42.86,0.0,75.36,0.0,0.0,0.0,0.0,0.0,0.0,0.0,0.0
2021-01-31,62.91,26.58,48.59,39.68,51.63,48.39,0.0,0.0,0.0,0.0,0.0,0.0,51.63,0.0
2021-02-01,35.17,61.64,57.41,43.13,0.0,61.16,0.0,0.0,0.0,0.0,0.0,0.0,0.0,0.0
2021-02-02,56.87,100.92,88.57,62.77,0.0,94.36,0.0,0.0,0.0,0.0,0.0,0.0,0.0,0.0
2021-02-03,61.69,82.94,75.8,46.43,0.0,80.76,0.0,0.0,0.0,0.0,0.0,0.0,0.0,0.0
2021-02-04,75.06,135.25,101.91,85.71,0.0,108.58,0.0,0.0,0.0,0.0,0.0,0.0,0.0,0.0
2021-02-05,80.05,60.5,70.56,117.81,0.0,75.17,0.0,0.0,0.0,0.0,0.0,0.0,0.0,0.0
2021-02-06,113.32,119.43,107.93,86.26,112.26,107.65,112.26,0.0,0.0,0.0,0.0,0.0,0.0,0.0
2021-02-07,34.98,45.38,44.36,50.8,0.0,47.26,0.0,0.0,0.0,0.0,0.0,0.0,0.0,0.0
2021-02-08,36.71,68.76,49.62,40.52,0.0,52.86,0.0,0.0,0.0,0.0,0.0,0.0,0.0,0.0
2021-02-09,44.45,57.52,50.62,46.0,0.0,53.92,0.0,0.0,0.0,0.0,0.0,0.0,0.0,0.0
2021-02-10,53.22,47.47,52.13,55.95,0.0,55.53,0.0,0.0,0.0,0.0,0.0,0.0,0.0,0.0
2021-02-11,54.36,56.14,59.32,28.57,0.0,63.2,0.0,0.0,0.0,0.0,0.0,0.0,0.0,0.0
2021-02-12,80.96,59.12,70.48,82.74,0.0,75.09,0.0,0.0,0.0,0.0,0.0,0.0,0.0,0.0
2021-02-13,89.88,46.23,73.48,64.7,0.0,78.29,0.0,0.0,0.0,0.0,0.0,0.0,0.0,0.0
2021-02-14,54.55,31.53,44.22,31.14,54.04,43.57,54.04,0.0,0.0,0.0,0.0,0.0,0.0,0.0
2021-02-15,54.71,80.9,64.3,21.57,112.26,61.16,112.26,0.0,0.0,0.0,0.0,0.0,0.0,0.0
2021-02-16,66.2,97.89,79.75,73.07,0.0,84.96,0.0,0.0,0.0,0.0,0.0,0.0,0.0,0.0
2021-02-17,100.5,85.69,90.98,14.99,78.03,91.83,0.0,0.0,0.0,0.0,78.03,0.0,0.0,0.0
2021-02-18,67.02,93.0,81.69,68.5,0.0,87.03,0.0,0.0,0.0,0.0,0.0,0.0,0.0,0.0
2021-02-19,107.86,57.26,84.52,137.37,0.0,90.04,0.0,0.0,0.0,0.0,0.0,0.0,0.0,0.0
2021-02-20,90.46,100.82,94.76,21.71,0.0,100.96,0.0,0.0,0.0,0.0,0.0,0.0,0.0,0.0
2021-02-21,73.31,87.76,72.83,28.9,0.0,77.59,0.0,0.0,0.0,0.0,0.0,0.0,0.0,0.0
2021-02-22,61.95,40.71,50.56,94.96,0.0,53.87,0.0,0.0,0.0,0.0,0.0,0.0,0.0,0.0
2021-02-23,50.71,99.99,84.43,93.29,0.0,89.95,0.0,0.0,0.0,0.0,0.0,0.0,0.0,0.0
2021-02-24,136.28,64.69,99.37,97.5,72.5,101.12,72.5,0.0,0.0,0.0,0.0,0.0,0.0,0.0
2021-02-25,70.79,25.85,57.01,115.77,0.0,60.74,0.0,0.0,0.0,0.0,0.0,0.0,0.0,0.0
2021-02-26,87.78,89.43,103.17,129.19,0.0,109.92,0.0,0.0,0.0,0.0,0.0,0.0,0.0,0.0
2021-02-27,52.67,144.65,117.17,83.05,0.0,124.83,0.0,0.0,0.0,0.0,0.0,0.0,0.0,0.0
2021-02-28,53.84,70.14,68.93,63.67,0.0,73.43,0.0,0.0,0.0,0.0,0.0,0.0,0.0,0.0
2021-03-01,91.22,115.11,105.07,120.82,0.0,111.94,0.0,0.0,0.0,0.0,0.0,0.0,0.0,0.0
2021-03-02,52.8,122.49,93.09,102.85,89.23,93.34,89.23,0.0,0.0,0.0,0.0,0.0,0.0,0.0
2021-03-03,82.59,86.86,88.98,136.75,0.0,94.8,0.0,0.0,0.0,0.0,0.0,0.0,0.0,0.0
2021-03-04,116.48,109.73,104.96,128.57,74.36,106.96,74.36,0.0,0.0,0.0,0.0,0.0,0.0,0.0
2021-03-05,107.97,88.27,108.33,87.2,75.65,110.47,75.65,0.0,0.0,0.0,0.0,0.0,0.0,0.0
2021-03-06,104.29,90.95,94.29,44.27,115.23,92.92,115.23,0.0,0.0,0.0,0.0,0.0,0.0,0.0
2021-03-07,55.4,49.15,52.09,20.38,53.05,52.03,53.05,0.0,0.0,0.0,0.0,0.0,0.0,0.0
2021-03-08,59.18,99.52,83.87,57.63,100.0,82.82,100.0,0.0,0.0,0.0,0.0,0.0,0.0,0.0
2021-03-09,54.79,66.02,66.18,33.6,87.44,64.79,0.0,0.0,0.0,0.0,87.44,0.0,0.0,0.0
2021-03-10,63.92,48.01,66.18,83.99,0.0,70.51,0.0,0.0,0.0,0.0,0.0,0.0,0.0,0.0
2021-03-11,103.98,35.88,74.85,57.39,0.0,79.75,0.0,0.0,0.0,0.0,0.0,0.0,0.0,0.0
2021-03-12,55.06,25.71,47.69,63.98,0.0,50.8,0.0,0.0,0.0,0.0,0.0,0.0,0.0,0.0
2021-03-13,80.76,51.75,68.81,111.42,116.0,65.73,116.0,0.0,0.0,0.0,0.0,0.0,0.0,0.0
2021-03-14,72.15,59.9,66.95,41.92,109.09,64.19,54.55,54.55,0.0,0.0,0.0,0.0,0.0,0.0
2021-03-15,68.91,64.36,72.47,120.1,104.19,70.39,104.19,0.0,0.0,0.0,0.0,0.0,0.0,0.0
2021-03-16,83.86,36.75,71.19,34.28,0.0,75.84,0.0,0.0,0.0,0.0,0.0,0.0,0.0,0.0
2021-03-17,106.0,57.23,88.98,111.42,72.5,90.06,0.0,0.0,0.0,0.0,72.5,0.0,0.0,0.0
2021-03-18,99.57,59.99,94.27,137.37,0.0,100.43,0.0,0.0,0.0,0.0,0.0,0.0,0.0,0.0
2021-03-19,117.32,110.28,131.47,75.29,0.0,140.07,0.0,0.0,0.0,0.0,0.0,0.0,0.0,0.0
2021-03-20,70.05,89.37,94.43,45.48,0.0,100.61,0.0,0.0,0.0,0.0,0.0,0.0,0.0,0.0
2021-03-21,56.3,80.38,75.29,32.14,55.77,76.57,0.0,0.0,0.0,0.0,55.77,0.0,0.0,0.0
2021-03-22,71.73,55.0,70.25,21.99,114.47,67.36,0.0,0.0,0.0,0.0,0.0,0.0,114.47,0.0
2021-03-23,83.08,81.91,83.47,59.16,76.99,83.9,76.99,0.0,0.0,0.0,0.0,0.0,0.0,0.0
2021-03-24,54.39,60.93,58.11,95.51,71.02,57.27,0.0,0.0,0.0,0.0,0.0,0.0,71.02,0.0
2021-03-25,77.32,48.28,66.64,28.45,0.0,71.0,0.0,0.0,0.0,0.0,0.0,0.0,0.0,0.0
2021-03-26,100.05,45.32,76.27,29.85,77.68,76.18,77.68,0.0,0.0,0.0,0.0,0.0,0.0,0.0
2021-03-27,78.66,100.82,104.01,43.41,225.98,96.03,112.99,0.0,0.0,0.0,112.99,0.0,0.0,0.0
2021-03-28,49.48,79.06,70.19,75.33,196.06,61.96,196.06,0.0,0.0,0.0,0.0,0.0,98.03,0.0
2021-03-29,33.24,65.54,58.6,61.15,0.0,62.43,0.0,0.0,0.0,0.0,0.0,0.0,0.0,0.0
2021-03-30,71.41,28.68,65.28,43.79,75.98,64.58,75.98,0.0,0.0,0.0,0.0,0.0,75.98,0.0
2021-03-31,32.16,73.98,58.27,44.37,76.99,57.05,0.0,76.99,0.0,0.0,0.0,0.0,0.0,0.0
2021-04-01,24.23,71.66,49.04,59.43,77.33,47.19,0.0,0.0,0.0,0.0,0.0,0.0,0.0,0.0
2021-04-02,76.39,91.45,89.79,75.29,0.0,95.66,0.0,0.0,0.0,0.0,0.0,0.0,0.0,0.0
2021-04-03,54.3,115.31,90.83,46.11,0.0,96.76,0.0,0.0,0.0,0.0,0.0,0.0,0.0,0.0
2021-04-04,42.3,53.38,47.72,28.01,0.0,50.84,0.0,0.0,0.0,0.0,0.0,0.0,0.0,0.0
2021-04-05,93.5,52.1,78.83,67.3,0.0,83.99,0.0,0.0,0.0,0.0,0.0,0.0,0.0,0.0
2021-04-06,71.61,64.71,66.63,115.27,0.0,70.99,0.0,0.0,0.0,0.0,0.0,0.0,0.0,0.0
2021-04-07,56.46,48.07,57.31,70.82,73.73,56.24,73.73,0.0,0.0,0.0,0.0,0.0,0.0,0.0
2021-04-08,54.81,48.64,53.15,30.25,78.73,51.48,78.73,0.0,0.0,0.0,0.0,0.0,0.0,0.0
2021-04-09,88.99,67.92,87.72,95.05,82.47,88.06,0.0,82.47,0.0,0.0,0.0,0.0,0.0,0.0
2021-04-10,107.59,86.43,96.01,109.96,0.0,102.29,0.0,0.0,0.0,0.0,0.0,0.0,0.0,0.0
2021-04-11,72.97,62.95,70.76,50.34,52.41,71.96,52.41,0.0,0.0,0.0,0.0,0.0,0.0,0.0
2021-04-12,47.51,81.96,62.81,43.7,0.0,66.92,0.0,0.0,0.0,0.0,0.0,0.0,0.0,0.0
2021-04-13,99.49,95.2,80.82,96.89,84.06,80.61,84.06,0.0,0.0,0.0,0.0,0.0,0.0,0.0
2021-04-14,187.17,43.57,122.21,143.46,0.0,130.2,0.0,0.0,0.0,0.0,0.0,0.0,0.0,0.0
2021-04-15,136.02,63.26,95.02,113.31,0.0,101.23,0.0,0.0,0.0,0.0,0.0,0.0,0.0,0.0
2021-04-16,191.75,96.02,137.73,151.18,0.0,146.73,0.0,0.0,0.0,0.0,0.0,0.0,0.0,0.0
2021-04-17,93.18,65.07,82.14,85.71,111.54,80.22,111.54,0.0,0.0,0.0,0.0,0.0,0.0,0.0
2021-04-18,85.78,69.03,81.27,48.31,0.0,86.58,0.0,0.0,0.0,0.0,0.0,0.0,0.0,0.0
2021-04-19,104.29,71.18,84.86,66.41,115.23,82.87,0.0,115.23,0.0,0.0,0.0,0.0,0.0,0.0
2021-04-20,122.98,84.87,110.21,169.68,0.0,117.42,0.0,0.0,0.0,0.0,0.0,0.0,0.0,0.0
2021-04-21,97.44,83.08,99.04,87.2,151.31,95.63,0.0,0.0,0.0,0.0,151.31,0.0,0.0,0.0
2021-04-22,71.09,33.64,61.83,78.47,0.0,65.87,0.0,0.0,0.0,0.0,0.0,0.0,0.0,0.0
2021-04-23,131.28,100.01,110.46,148.2,171.43,106.48,0.0,0.0,0.0,0.0,0.0,0.0,171.43,0.0
2021-04-24,105.15,120.26,103.82,116.07,0.0,110.6,0.0,0.0,0.0,0.0,0.0,0.0,0.0,0.0
2021-04-25,57.42,43.83,52.25,20.44,0.0,55.66,0.0,0.0,0.0,0.0,0.0,0.0,0.0,0.0
2021-04-26,43.55,50.74,48.85,21.85,0.0,52.05,0.0,0.0,0.0,0.0,0.0,0.0,0.0,0.0
2021-04-27,58.96,26.42,50.4,59.16,0.0,53.69,0.0,0.0,0.0,0.0,0.0,0.0,0.0,0.0
2021-04-28,81.58,21.94,65.38,81.86,0.0,69.65,0.0,0.0,0.0,0.0,0.0,0.0,0.0,0.0
2021-04-29,76.67,55.43,61.58,56.42,0.0,65.6,0.0,0.0,0.0,0.0,0.0,0.0,0.0,0.0
2021-04-30,74.59,38.24,66.63,16.47,0.0,70.99,0.0,0.0,0.0,0.0,0.0,0.0,0.0,0.0
2021-05-01,45.95,53.54,51.55,92.21,0.0,54.92,0.0,0.0,0.0,0.0,0.0,0.0,0.0,0.0
2021-05-02,43.65,37.66,41.69,60.23,0.0,44.41,0.0,0.0,0.0,0.0,0.0,0.0,0.0,0.0
2021-05-03,46.0,45.35,54.07,63.47,0.0,57.6,0.0,0.0,0.0,0.0,0.0,0.0,0.0,0.0
2021-05-04,47.02,43.63,53.63,76.32,0.0,57.14,0.0,0.0,0.0,0.0,0.0,0.0,0.0,0.0
2021-05-05,68.17,46.53,60.09,57.88,0.0,64.02,0.0,0.0,0.0,0.0,0.0,0.0,0.0,0.0
2021-05-06,107.86,57.26,89.39,76.32,0.0,95.24,0.0,0.0,0.0,0.0,0.0,0.0,0.0,0.0
2021-05-07,129.59,58.33,104.3,62.19,0.0,111.12,0.0,0.0,0.0,0.0,0.0,0.0,0.0,0.0
2021-05-08,74.78,44.23,70.31,20.63,0.0,74.91,0.0,0.0,0.0,0.0,0.0,0.0,0.0,0.0
2021-05-09,42.6,47.48,48.98,10.22,124.16,44.07,0.0,70.95,0.0,0.0,53.21,0.0,0.0,0.0
2021-05-10,80.76,63.69,85.43,89.14,0.0,91.01,0.0,0.0,0.0,0.0,0.0,0.0,0.0,0.0
2021-05-11,65.71,115.48,85.63,157.68,82.08,85.86,0.0,0.0,0.0,0.0,82.08,0.0,0.0,0.0
2021-05-12,42.69,139.42,87.81,73.63,76.65,88.54,76.65,0.0,0.0,0.0,0.0,0.0,0.0,0.0
2021-05-13,74.43,199.89,144.79,113.31,0.0,154.26,0.0,0.0,0.0,0.0,0.0,0.0,0.0,0.0
2021-05-14,55.54,208.61,143.0,72.99,177.29,140.76,177.29,0.0,0.0,0.0,0.0,0.0,0.0,0.0
2021-05-15,78.66,228.77,161.79,151.94,0.0,172.37,0.0,0.0,0.0,0.0,0.0,0.0,0.0,0.0
2021-05-16,62.66,155.37,103.77,52.39,54.55,106.99,0.0,0.0,0.0,54.55,0.0,54.55,0.0,0.0
2021-05-17,28.08,201.68,139.08,132.82,115.23,140.63,0.0,0.0,0.0,0.0,115.23,0.0,0.0,0.0
2021-05-18,95.78,141.65,127.48,77.74,0.0,135.81,0.0,0.0,0.0,0.0,0.0,0.0,0.0,0.0
2021-05-19,34.45,138.67,99.53,158.42,82.47,100.64,0.0,82.47,0.0,0.0,0.0,0.0,0.0,0.0
2021-05-20,96.23,136.73,96.47,124.96,0.0,102.78,0.0,0.0,0.0,0.0,0.0,0.0,0.0,0.0
2021-05-21,88.64,171.86,137.17,114.14,198.05,133.19,198.05,0.0,0.0,0.0,0.0,0.0,0.0,0.0
2021-05-22,40.92,205.77,127.46,135.52,117.57,128.11,117.57,0.0,0.0,0.0,0.0,0.0,0.0,0.0
2021-05-23,48.38,72.43,60.03,59.34,0.0,63.95,0.0,0.0,0.0,0.0,0.0,0.0,0.0,0.0
2021-05-24,62.03,151.08,96.49,120.82,104.82,95.94,104.82,0.0,0.0,0.0,0.0,0.0,0.0,0.0
2021-05-25,57.82,162.86,108.4,106.36,79.09,110.32,0.0,79.09,0.0,0.0,0.0,0.0,0.0,0.0
2021-05-26,92.17,109.04,92.85,174.4,75.65,93.98,0.0,0.0,0.0,0.0,0.0,0.0,75.65,0.0
2021-05-27,57.55,81.06,72.48,121.0,78.73,72.07,78.73,0.0,0.0,0.0,0.0,0.0,0.0,0.0
2021-05-28,93.61,103.14,106.78,136.75,0.0,113.76,0.0,0.0,0.0,0.0,0.0,0.0,0.0,0.0
2021-05-29,38.83,111.01,82.14,85.71,0.0,87.51,0.0,0.0,0.0,0.0,0.0,0.0,0.0,0.0
2021-05-30,23.49,61.2,43.38,27.78,96.4,39.92,48.2,0.0,0.0,0.0,48.2,0.0,0.0,0.0
2021-05-31,46.92,88.31,65.17,117.7,0.0,69.43,0.0,0.0,0.0,0.0,0.0,0.0,0.0,0.0
2021-06-01,63.76,34.57,58.07,35.19,0.0,61.87,0.0,0.0,0.0,0.0,0.0,0.0,0.0,0.0
2021-06-02,25.96,34.12,35.59,0.0,0.0,37.92,0.0,0.0,0.0,0.0,0.0,0.0,0.0,0.0
2021-06-03,53.36,84.18,70.56,44.18,76.65,70.16,76.65,0.0,0.0,0.0,0.0,0.0,0.0,0.0
2021-06-04,111.42,56.33,90.66,94.61,82.08,91.23,0.0,82.08,82.08,0.0,0.0,0.0,0.0,0.0
2021-06-05,135.48,66.79,105.38,109.96,0.0,112.27,0.0,0.0,0.0,0.0,0.0,0.0,0.0,0.0
2021-06-06,63.98,39.95,50.13,58.85,0.0,53.41,0.0,0.0,0.0,0.0,0.0,0.0,0.0,0.0
2021-06-07,83.81,22.53,62.68,21.02,0.0,66.78,0.0,0.0,0.0,0.0,0.0,0.0,0.0,0.0
2021-06-08,92.76,51.11,75.36,60.23,0.0,80.28,0.0,0.0,0.0,0.0,0.0,0.0,0.0,0.0
2021-06-09,92.76,32.28,73.75,60.23,0.0,78.58,0.0,0.0,0.0,0.0,0.0,0.0,0.0,0.0
2021-06-10,93.8,68.7,91.35,59.16,0.0,97.32,0.0,0.0,0.0,0.0,0.0,0.0,0.0,0.0
2021-06-11,120.0,56.33,90.66,157.68,82.08,91.23,82.08,0.0,0.0,0.0,0.0,0.0,0.0,0.0
2021-06-12,72.51,79.9,85.22,47.08,0.0,90.8,0.0,0.0,0.0,0.0,0.0,0.0,0.0,0.0
2021-06-13,76.45,42.51,64.51,54.09,0.0,68.72,0.0,0.0,0.0,0.0,0.0,0.0,0.0,0.0
2021-06-14,112.6,19.14,68.45,85.71,0.0,72.93,0.0,0.0,0.0,0.0,0.0,0.0,0.0,0.0
2021-06-15,120.55,57.97,89.85,48.68,84.47,90.2,0.0,84.47,0.0,0.0,0.0,0.0,0.0,0.0
2021-06-16,140.18,65.19,102.59,116.78,0.0,109.29,0.0,0.0,0.0,0.0,0.0,0.0,0.0,0.0
2021-06-17,98.22,53.8,78.56,60.23,0.0,83.7,0.0,0.0,0.0,0.0,0.0,0.0,0.0,0.0
2021-06-18,99.16,50.2,83.47,73.95,0.0,88.93,0.0,0.0,0.0,0.0,0.0,0.0,0.0,0.0
2021-06-19,51.13,69.8,64.72,108.53,0.0,68.95,0.0,0.0,0.0,0.0,0.0,0.0,0.0,0.0
2021-06-20,59.23,45.21,52.77,105.45,0.0,56.22,0.0,0.0,0.0,0.0,0.0,0.0,0.0,0.0
2021-06-21,82.25,44.23,72.51,103.17,107.41,70.22,107.41,0.0,0.0,0.0,0.0,0.0,0.0,0.0
2021-06-22,97.17,92.6,95.17,125.13,186.1,89.23,93.05,93.05,0.0,0.0,0.0,0.0,0.0,0.0
2021-06-23,80.4,81.91,78.75,29.58,0.0,83.9,0.0,0.0,0.0,0.0,0.0,0.0,0.0,0.0
2021-06-24,61.6,91.09,72.39,113.31,73.73,72.31,73.73,0.0,0.0,0.0,0.0,0.0,0.0,0.0
2021-06-25,71.26,105.38,101.47,90.75,0.0,108.1,0.0,0.0,0.0,0.0,0.0,0.0,0.0,0.0
2021-06-26,67.3,81.96,81.42,43.7,0.0,86.75,0.0,0.0,0.0,0.0,0.0,0.0,0.0,0.0
2021-06-27,45.83,51.07,46.83,11.0,57.24,46.15,0.0,57.24,0.0,0.0,0.0,0.0,0.0,0.0
2021-06-28,50.13,78.25,76.1,161.37,0.0,81.07,0.0,0.0,0.0,0.0,0.0,0.0,0.0,0.0
2021-06-29,68.29,90.74,68.05,114.7,255.88,55.77,255.88,0.0,0.0,0.0,0.0,0.0,0.0,0.0
2021-06-30,81.85,67.25,78.56,60.23,0.0,83.7,0.0,0.0,0.0,0.0,0.0,0.0,0.0,0.0
2021-07-01,70.76,44.65,59.88,78.1,0.0,63.79,0.0,0.0,0.0,0.0,0.0,0.0,0.0,0.0
2021-07-02,91.53,66.35,74.35,44.57,0.0,79.21,0.0,0.0,0.0,0.0,0.0,0.0,0.0,0.0
2021-07-03,95.42,163.6,112.15,68.69,0.0,119.48,0.0,0.0,0.0,0.0,0.0,0.0,0.0,0.0
2021-07-04,82.69,71.33,72.89,57.04,59.39,73.77,0.0,59.39,0.0,0.0,0.0,0.0,0.0,0.0
2021-07-05,127.0,91.5,94.73,80.87,0.0,100.92,0.0,0.0,0.0,0.0,0.0,0.0,0.0,0.0
2021-07-06,60.93,67.13,69.5,19.78,0.0,74.05,0.0,0.0,0.0,0.0,0.0,0.0,0.0,0.0
2021-07-07,79.48,116.19,99.86,60.5,78.73,101.24,0.0,0.0,0.0,78.73,0.0,0.0,0.0,0.0
2021-07-08,80.54,130.23,106.02,88.9,92.55,106.91,92.55,0.0,0.0,0.0,0.0,0.0,0.0,0.0
2021-07-09,36.16,101.01,65.52,33.26,86.57,64.15,0.0,86.57,86.57,0.0,0.0,0.0,0.0,0.0
2021-07-10,68.19,98.86,84.86,66.41,345.7,67.81,0.0,230.47,230.47,0.0,0.0,0.0,115.23,0.0
2021-07-11,66.22,72.96,66.38,32.25,55.95,67.06,0.0,55.95,55.95,0.0,0.0,0.0,0.0,0.0
2021-07-12,34.5,113.38,81.1,21.16,0.0,86.4,0.0,0.0,0.0,0.0,0.0,0.0,0.0,0.0
2021-07-13,63.28,139.63,109.79,99.78,0.0,116.97,0.0,0.0,0.0,0.0,0.0,0.0,0.0,0.0
2021-07-14,51.15,71.66,72.77,59.43,0.0,77.53,0.0,0.0,0.0,0.0,0.0,0.0,0.0,0.0
2021-07-15,99.49,72.12,92.85,48.45,0.0,98.92,0.0,0.0,0.0,0.0,0.0,0.0,0.0,0.0
2021-07-16,135.28,124.28,121.06,84.84,88.33,123.2,0.0,0.0,0.0,0.0,0.0,0.0,88.33,0.0
2021-07-17,70.74,117.68,101.33,195.2,0.0,107.95,0.0,0.0,0.0,0.0,0.0,0.0,0.0,0.0
2021-07-18,36.16,69.52,44.63,39.91,0.0,47.54,0.0,0.0,0.0,0.0,0.0,0.0,0.0,0.0
2021-07-19,52.34,132.7,103.27,61.9,0.0,110.02,0.0,0.0,0.0,0.0,0.0,0.0,0.0,0.0
2021-07-20,114.12,89.43,110.05,48.45,0.0,117.24,0.0,0.0,0.0,0.0,0.0,0.0,0.0,0.0
2021-07-21,90.03,59.18,89.79,15.06,156.76,85.41,78.38,0.0,78.38,0.0,0.0,0.0,78.38,0.0
2021-07-22,51.61,58.91,59.06,104.93,0.0,62.92,0.0,0.0,0.0,0.0,0.0,0.0,0.0,0.0
2021-07-23,65.84,93.46,85.12,58.13,0.0,90.68,0.0,0.0,0.0,0.0,0.0,0.0,0.0,0.0
2021-07-24,58.84,109.19,87.46,38.2,0.0,93.18,0.0,0.0,0.0,0.0,0.0,0.0,0.0,0.0
2021-07-25,42.17,51.02,51.81,31.73,55.06,51.6,0.0,0.0,0.0,0.0,0.0,0.0,55.06,0.0
2021-07-26,47.72,68.76,56.09,81.04,105.46,52.86,0.0,0.0,0.0,0.0,0.0,0.0,105.46,0.0
2021-07-27,87.74,72.55,86.49,78.1,0.0,92.14,0.0,0.0,0.0,0.0,0.0,0.0,0.0,0.0
2021-07-28,40.99,71.84,60.22,37.7,0.0,64.15,0.0,0.0,0.0,0.0,0.0,0.0,0.0,0.0
2021-07-29,69.68,60.77,72.45,29.58,0.0,77.18,0.0,0.0,0.0,0.0,0.0,0.0,0.0,0.0
2021-07-30,38.2,72.62,62.53,60.23,0.0,66.62,0.0,0.0,0.0,0.0,0.0,0.0,0.0,0.0
2021-07-31,42.26,107.62,82.78,58.3,202.33,74.96,202.33,0.0,0.0,0.0,0.0,0.0,0.0,0.0
2021-08-01,32.74,55.59,48.1,50.19,52.25,47.83,52.25,0.0,0.0,0.0,0.0,0.0,0.0,0.0
2021-08-02,40.65,96.18,74.05,89.74,116.78,71.26,116.78,0.0,0.0,0.0,0.0,0.0,0.0,0.0
2021-08-03,55.06,82.86,61.31,31.99,0.0,65.32,0.0,0.0,0.0,0.0,0.0,0.0,0.0,0.0
2021-08-04,51.08,95.93,71.47,67.12,0.0,76.15,0.0,0.0,0.0,0.0,0.0,0.0,0.0,0.0
2021-08-05,65.84,88.27,78.93,101.74,75.65,79.14,75.65,0.0,0.0,0.0,0.0,0.0,0.0,0.0
2021-08-06,75.71,58.65,74.68,89.54,0.0,79.57,0.0,0.0,0.0,0.0,0.0,0.0,0.0,0.0
2021-08-07,78.52,110.58,98.87,41.27,0.0,105.34,0.0,0.0,0.0,0.0,0.0,0.0,0.0,0.0
2021-08-08,20.46,76.66,54.11,11.29,0.0,57.65,0.0,0.0,0.0,0.0,0.0,0.0,0.0,0.0
2021-08-09,43.26,131.84,90.14,21.71,0.0,96.03,0.0,0.0,0.0,0.0,0.0,0.0,0.0,0.0
2021-08-10,56.14,116.51,92.02,65.22,0.0,98.04,0.0,0.0,0.0,0.0,0.0,0.0,0.0,0.0
2021-08-11,104.33,85.71,97.07,63.98,0.0,103.42,0.0,0.0,0.0,0.0,0.0,0.0,0.0,0.0
2021-08-12,66.98,120.58,90.7,80.35,0.0,96.63,0.0,0.0,0.0,0.0,0.0,0.0,0.0,0.0
2021-08-13,90.54,126.2,93.57,103.38,0.0,99.69,0.0,0.0,0.0,0.0,0.0,0.0,0.0,0.0
2021-08-14,81.04,151.39,122.82,0.0,0.0,130.85,0.0,0.0,0.0,0.0,0.0,0.0,0.0,0.0
2021-08-15,91.9,142.08,111.69,46.11,0.0,118.99,0.0,0.0,0.0,0.0,0.0,0.0,0.0,0.0
2021-08-16,77.32,385.39,239.82,71.12,123.41,247.43,123.41,0.0,0.0,0.0,0.0,0.0,0.0,0.0
2021-08-17,110.99,325.14,232.94,87.51,91.1,242.22,91.1,0.0,0.0,0.0,0.0,0.0,0.0,0.0
2021-08-18,118.45,238.85,172.43,59.43,77.33,178.65,77.33,0.0,0.0,0.0,0.0,0.0,0.0,0.0
2021-08-19,103.54,250.08,162.76,42.86,74.36,168.54,0.0,74.36,0.0,74.36,0.0,0.0,0.0,0.0
2021-08-20,111.57,154.0,134.88,87.97,0.0,143.7,0.0,0.0,0.0,0.0,0.0,0.0,0.0,0.0
2021-08-21,119.43,218.67,198.02,164.78,0.0,210.97,0.0,0.0,0.0,0.0,0.0,0.0,0.0,0.0
2021-08-22,136.28,213.26,169.07,47.75,0.0,180.13,0.0,0.0,0.0,0.0,0.0,0.0,0.0,0.0
2021-08-23,180.42,199.05,159.04,71.12,0.0,169.43,0.0,0.0,0.0,0.0,0.0,0.0,0.0,0.0
2021-08-24,145.99,177.61,151.5,68.57,0.0,161.41,0.0,0.0,0.0,0.0,0.0,0.0,0.0,0.0
2021-08-25,166.99,223.23,177.97,78.1,0.0,189.61,0.0,0.0,0.0,0.0,0.0,0.0,0.0,0.0
2021-08-26,137.54,156.46,144.55,116.78,0.0,154.0,0.0,0.0,0.0,0.0,0.0,0.0,0.0,0.0
2021-08-27,113.36,233.11,175.11,143.0,124.07,178.45,124.07,0.0,0.0,0.0,0.0,0.0,0.0,0.0
2021-08-28,98.1,277.54,182.98,117.7,0.0,194.95,0.0,0.0,0.0,0.0,0.0,0.0,0.0,0.0
2021-08-29,112.24,192.09,146.86,81.82,0.0,156.46,0.0,0.0,0.0,0.0,0.0,0.0,0.0,0.0
2021-08-30,186.72,260.41,190.01,75.4,130.83,193.88,130.83,0.0,0.0,0.0,0.0,0.0,0.0,0.0
2021-08-31,113.36,249.07,177.02,178.76,0.0,188.59,0.0,0.0,0.0,0.0,0.0,0.0,0.0,0.0
2021-09-01,129.98,199.9,142.07,43.04,0.0,151.36,0.0,0.0,0.0,0.0,0.0,0.0,0.0,0.0
2021-09-02,104.15,126.99,117.57,90.75,78.73,120.11,78.73,0.0,0.0,0.0,0.0,0.0,0.0,0.0
2021-09-03,77.58,82.36,84.16,82.33,0.0,89.67,0.0,0.0,0.0,0.0,0.0,0.0,0.0,0.0
2021-09-04,114.8,124.89,118.65,87.39,0.0,126.4,0.0,0.0,0.0,0.0,0.0,0.0,0.0,0.0
2021-09-05,62.07,105.7,84.01,51.91,0.0,89.5,0.0,0.0,0.0,0.0,0.0,0.0,0.0,0.0
2021-09-06,56.34,175.9,113.13,51.83,134.88,111.71,0.0,0.0,0.0,0.0,134.88,0.0,0.0,0.0
2021-09-07,48.07,145.33,103.58,70.75,0.0,110.35,0.0,0.0,0.0,0.0,0.0,0.0,0.0,0.0
2021-09-08,74.0,99.97,93.41,105.88,0.0,99.52,0.0,0.0,0.0,0.0,0.0,0.0,0.0,0.0
2021-09-09,34.45,90.56,74.22,31.68,0.0,79.08,0.0,0.0,0.0,0.0,0.0,0.0,0.0,0.0
2021-09-10,85.76,89.83,86.62,73.95,0.0,92.29,0.0,0.0,0.0,0.0,0.0,0.0,0.0,0.0
2021-09-11,117.58,136.99,121.44,176.97,0.0,129.38,0.0,0.0,0.0,0.0,0.0,0.0,0.0,0.0
2021-09-12,57.42,63.91,52.25,81.78,0.0,55.66,0.0,0.0,0.0,0.0,0.0,0.0,0.0,0.0
2021-09-13,141.59,65.92,108.63,130.24,0.0,115.73,0.0,0.0,0.0,0.0,0.0,0.0,0.0,0.0
2021-09-14,67.63,81.16,79.48,48.68,0.0,84.68,0.0,0.0,0.0,0.0,0.0,0.0,0.0,0.0
2021-09-15,82.35,70.71,81.18,58.64,76.32,81.5,76.32,0.0,0.0,0.0,0.0,0.0,0.0,0.0
2021-09-16,139.77,106.22,116.36,112.5,0.0,123.97,0.0,0.0,0.0,0.0,0.0,0.0,0.0,0.0
2021-09-17,119.43,128.96,138.7,156.94,81.69,142.43,81.69,0.0,0.0,0.0,0.0,0.0,0.0,0.0
2021-09-18,136.28,130.62,151.27,125.35,0.0,161.16,0.0,0.0,0.0,0.0,0.0,0.0,0.0,0.0
2021-09-19,62.17,59.54,69.94,49.01,0.0,74.51,0.0,0.0,0.0,0.0,0.0,0.0,0.0,0.0
2021-09-20,106.4,92.8,117.84,45.17,0.0,125.55,0.0,0.0,0.0,0.0,0.0,0.0,0.0,0.0
2021-09-21,117.04,57.69,92.85,64.59,0.0,98.92,0.0,0.0,0.0,0.0,0.0,0.0,0.0,0.0
2021-09-22,91.77,98.23,100.16,86.82,75.33,101.78,0.0,0.0,0.0,0.0,75.33,0.0,0.0,0.0
2021-09-23,137.29,92.89,118.65,222.85,154.67,116.29,0.0,154.67,77.33,0.0,0.0,0.0,0.0,0.0
2021-09-24,114.23,89.05,103.04,73.31,0.0,109.77,0.0,0.0,0.0,0.0,0.0,0.0,0.0,0.0
2021-09-25,105.18,85.82,100.17,120.1,0.0,106.72,0.0,0.0,0.0,0.0,0.0,0.0,0.0,0.0
2021-09-26,40.0,73.23,64.92,42.05,0.0,69.16,0.0,0.0,0.0,0.0,0.0,0.0,0.0,0.0
2021-09-27,79.37,57.65,71.19,23.05,0.0,75.84,0.0,0.0,0.0,0.0,0.0,0.0,0.0,0.0
2021-09-28,78.46,80.44,75.61,17.32,0.0,80.56,0.0,0.0,0.0,0.0,0.0,0.0,0.0,0.0
2021-09-29,77.04,55.0,62.45,14.66,0.0,66.53,0.0,0.0,0.0,0.0,0.0,0.0,0.0,0.0
2021-09-30,64.69,43.48,58.75,97.36,0.0,62.59,0.0,0.0,0.0,0.0,0.0,0.0,0.0,0.0
2021-10-01,100.5,29.46,70.23,74.95,0.0,74.82,0.0,0.0,0.0,0.0,0.0,0.0,0.0,0.0
2021-10-02,77.56,61.9,69.45,61.15,106.1,67.06,106.1,0.0,0.0,0.0,0.0,0.0,0.0,0.0
2021-10-03,32.69,53.08,44.07,53.06,55.24,43.34,55.24,0.0,0.0,0.0,0.0,0.0,0.0,0.0
2021-10-04,44.87,62.66,63.72,61.9,0.0,67.88,0.0,0.0,0.0,0.0,0.0,0.0,0.0,0.0
2021-10-05,34.61,56.87,52.54,79.59,0.0,55.98,0.0,0.0,0.0,0.0,0.0,0.0,0.0,0.0
2021-10-06,82.7,43.17,70.04,67.12,139.76,65.49,69.88,139.76,0.0,0.0,0.0,0.0,0.0,0.0
2021-10-07,85.71,76.05,80.59,78.84,82.08,80.49,0.0,82.08,0.0,0.0,0.0,0.0,0.0,0.0
2021-10-08,120.56,56.6,84.35,110.9,82.47,84.47,0.0,82.47,0.0,0.0,0.0,0.0,0.0,0.0
2021-10-09,97.21,55.29,83.49,82.54,0.0,88.95,0.0,0.0,0.0,0.0,0.0,0.0,0.0,0.0
2021-10-10,90.46,46.53,61.25,32.56,0.0,65.25,0.0,0.0,0.0,0.0,0.0,0.0,0.0,0.0
2021-10-11,71.26,78.06,81.42,65.54,0.0,86.75,0.0,0.0,0.0,0.0,0.0,0.0,0.0,0.0
2021-10-12,76.48,60.32,75.5,16.88,0.0,80.44,0.0,0.0,0.0,0.0,0.0,0.0,0.0,0.0
2021-10-13,98.72,55.24,87.81,58.9,306.61,73.5,153.31,0.0,0.0,0.0,0.0,0.0,0.0,0.0
2021-10-14,88.83,26.54,68.02,74.28,0.0,72.47,0.0,0.0,0.0,0.0,0.0,0.0,0.0,0.0
2021-10-15,74.28,78.87,90.66,31.54,0.0,96.59,0.0,0.0,0.0,0.0,0.0,0.0,0.0,0.0
2021-10-16,55.79,125.71,91.33,43.98,0.0,97.3,0.0,0.0,0.0,0.0,0.0,0.0,0.0,0.0
2021-10-17,41.3,95.0,71.65,32.56,112.99,68.95,56.49,56.49,112.99,112.99,0.0,0.0,0.0,0.0
2021-10-18,30.67,102.04,78.85,42.31,0.0,84.0,0.0,0.0,0.0,0.0,0.0,0.0,0.0,0.0
2021-10-19,51.19,114.94,96.92,62.77,0.0,103.26,0.0,0.0,0.0,0.0,0.0,0.0,0.0,0.0
2021-10-20,95.36,91.48,101.48,113.8,0.0,108.12,0.0,0.0,0.0,0.0,0.0,0.0,0.0,0.0
2021-10-21,93.58,71.76,96.24,143.46,149.36,92.77,74.68,0.0,0.0,74.68,0.0,0.0,74.68,0.0
2021-10-22,98.14,88.46,110.41,46.43,0.0,117.63,0.0,0.0,0.0,0.0,0.0,0.0,0.0,0.0
2021-10-23,95.01,66.35,97.71,87.39,0.0,104.1,0.0,0.0,0.0,0.0,0.0,0.0,0.0,0.0
2021-10-24,66.48,52.8,60.77,61.15,0.0,64.74,0.0,0.0,0.0,0.0,0.0,0.0,0.0,0.0
2021-10-25,55.45,96.72,90.24,94.16,0.0,96.14,0.0,0.0,0.0,0.0,0.0,0.0,0.0,0.0
2021-10-26,89.73,72.67,86.63,53.06,0.0,92.29,0.0,0.0,0.0,0.0,0.0,0.0,0.0,0.0
2021-10-27,89.23,82.64,81.04,59.69,0.0,86.34,0.0,0.0,0.0,0.0,0.0,0.0,0.0,0.0
2021-10-28,87.28,46.94,76.16,43.79,0.0,81.14,0.0,0.0,0.0,0.0,0.0,0.0,0.0,0.0
2021-10-29,66.12,57.37,63.73,43.79,0.0,67.89,0.0,0.0,0.0,0.0,0.0,0.0,0.0,0.0
2021-10-30,56.43,85.31,84.01,124.57,108.08,82.44,0.0,108.08,0.0,108.08,0.0,108.08,0.0,0.0
2021-10-31,78.88,46.48,67.67,70.06,0.0,72.1,0.0,0.0,0.0,0.0,0.0,0.0,0.0,0.0
2021-11-01,96.61,76.93,89.53,61.52,106.75,88.41,106.75,0.0,0.0,0.0,0.0,0.0,0.0,0.0
2021-11-02,56.27,48.95,52.52,91.33,0.0,55.95,0.0,0.0,0.0,0.0,0.0,0.0,0.0,0.0
2021-11-03,77.59,88.83,76.48,110.5,71.9,76.78,0.0,0.0,0.0,0.0,71.9,0.0,0.0,0.0
2021-11-04,62.93,67.21,64.72,86.82,150.65,59.1,150.65,0.0,75.33,0.0,0.0,0.0,75.33,0.0
2021-11-05,60.85,21.81,48.76,30.53,0.0,51.95,0.0,0.0,0.0,0.0,0.0,0.0,0.0,0.0
2021-11-06,32.09,67.23,51.86,22.14,0.0,55.25,0.0,0.0,0.0,0.0,0.0,0.0,0.0,0.0
2021-11-07,35.21,53.81,45.53,29.15,0.0,48.5,0.0,0.0,0.0,0.0,0.0,0.0,0.0,0.0
2021-11-08,33.42,90.6,66.28,69.16,0.0,70.61,0.0,0.0,0.0,0.0,0.0,0.0,0.0,0.0
2021-11-09,35.28,46.38,48.38,64.91,0.0,51.54,0.0,0.0,0.0,0.0,0.0,0.0,0.0,0.0
2021-11-10,57.29,53.8,65.74,60.23,78.38,64.91,78.38,0.0,0.0,78.38,0.0,0.0,78.38,0.0
2021-11-11,110.68,66.69,86.73,84.84,88.33,86.62,0.0,0.0,0.0,0.0,88.33,0.0,0.0,0.0
2021-11-12,91.0,92.51,93.58,78.47,0.0,99.7,0.0,0.0,0.0,0.0,0.0,0.0,0.0,0.0
2021-11-13,112.16,110.58,114.25,123.8,107.41,114.7,107.41,0.0,0.0,0.0,0.0,0.0,0.0,0.0
2021-11-14,40.25,85.04,74.34,52.89,165.19,68.4,110.13,0.0,0.0,0.0,55.06,0.0,0.0,0.0
2021-11-15,77.76,121.04,110.63,45.17,0.0,117.86,0.0,0.0,0.0,0.0,0.0,0.0,0.0,0.0
2021-11-16,117.14,129.57,124.24,110.37,0.0,132.37,0.0,0.0,0.0,0.0,0.0,0.0,0.0,0.0
2021-11-17,93.8,105.69,111.82,44.37,76.99,114.1,76.99,0.0,0.0,0.0,0.0,0.0,0.0,0.0
2021-11-18,80.57,117.78,101.23,61.33,159.63,97.41,79.82,0.0,79.82,0.0,79.82,0.0,0.0,0.0
2021-11-19,128.3,100.01,117.48,98.8,0.0,125.16,0.0,0.0,0.0,0.0,0.0,0.0,0.0,0.0
2021-11-20,150.43,39.03,95.38,65.54,0.0,101.62,0.0,0.0,0.0,0.0,0.0,0.0,0.0,0.0
2021-11-21,65.17,37.79,55.19,21.16,0.0,58.8,0.0,0.0,0.0,0.0,0.0,0.0,0.0,0.0
2021-11-22,110.13,197.75,164.1,86.82,112.99,167.44,0.0,0.0,0.0,0.0,112.99,0.0,0.0,0.0
2021-11-23,54.24,62.39,56.67,49.89,86.57,54.71,0.0,0.0,0.0,0.0,0.0,86.57,0.0,0.0
2021-11-24,66.63,47.77,67.63,50.14,0.0,72.05,0.0,0.0,0.0,0.0,0.0,0.0,0.0,0.0
2021-11-25,95.46,42.19,75.44,90.84,0.0,80.38,0.0,0.0,0.0,0.0,0.0,0.0,0.0,0.0
2021-11-26,49.88,91.33,79.56,78.65,0.0,84.76,0.0,0.0,0.0,0.0,0.0,0.0,0.0,0.0
2021-11-27,70.98,83.97,75.08,78.35,0.0,79.99,0.0,0.0,0.0,0.0,0.0,0.0,0.0,0.0
2021-11-28,67.99,44.68,60.53,34.11,0.0,64.49,0.0,0.0,0.0,0.0,0.0,0.0,0.0,0.0
2021-11-29,62.93,34.9,57.78,43.41,0.0,61.56,0.0,0.0,0.0,0.0,0.0,0.0,0.0,0.0
2021-11-30,94.35,39.01,75.12,50.39,0.0,80.03,0.0,0.0,0.0,0.0,0.0,0.0,0.0,0.0
2021-12-01,97.94,71.15,83.3,99.57,0.0,88.75,0.0,0.0,0.0,0.0,0.0,0.0,0.0,0.0
2021-12-02,107.74,31.58,75.29,112.5,0.0,80.22,0.0,0.0,0.0,0.0,0.0,0.0,0.0,0.0
2021-12-03,143.59,43.76,102.79,86.45,100.0,102.98,0.0,100.0,0.0,0.0,0.0,0.0,0.0,0.0
2021-12-04,106.66,93.89,105.21,105.12,145.91,102.55,0.0,145.91,0.0,0.0,0.0,0.0,0.0,0.0
2021-12-05,50.62,49.91,51.0,79.83,69.25,49.81,0.0,69.25,0.0,0.0,0.0,0.0,0.0,0.0
2021-12-06,130.64,62.45,107.01,131.09,227.45,99.14,227.45,0.0,0.0,0.0,0.0,0.0,0.0,0.0
2021-12-07,131.54,66.35,111.46,151.94,0.0,118.74,0.0,0.0,0.0,0.0,0.0,0.0,0.0,0.0
2021-12-08,116.19,39.0,88.62,81.86,0.0,94.42,0.0,0.0,0.0,0.0,0.0,0.0,0.0,0.0
2021-12-09,140.23,52.95,113.97,65.87,171.43,110.21,0.0,171.43,0.0,0.0,85.71,0.0,0.0,0.0
2021-12-10,120.0,45.07,92.34,63.07,82.08,93.01,0.0,0.0,0.0,0.0,82.08,0.0,0.0,0.0
2021-12-11,130.64,70.25,113.99,152.94,0.0,121.45,0.0,0.0,0.0,0.0,0.0,0.0,0.0,0.0
2021-12-12,86.53,30.33,65.54,74.28,0.0,69.82,0.0,0.0,0.0,0.0,0.0,0.0,0.0,0.0
2021-12-13,104.43,28.83,78.55,92.21,0.0,83.69,0.0,0.0,0.0,0.0,0.0,0.0,0.0,0.0
2021-12-14,97.69,35.31,70.81,89.86,0.0,75.43,0.0,0.0,0.0,0.0,0.0,0.0,0.0,0.0
2021-12-15,69.78,46.78,68.89,30.81,80.18,68.15,0.0,80.18,0.0,0.0,0.0,0.0,80.18,0.0
2021-12-16,145.47,52.15,111.91,87.58,75.98,114.26,0.0,75.98,0.0,0.0,0.0,0.0,0.0,0.0
2021-12-17,138.14,65.48,110.84,131.95,0.0,118.09,0.0,0.0,0.0,0.0,0.0,0.0,0.0,0.0
2021-12-18,107.1,69.18,108.52,122.3,0.0,115.61,0.0,0.0,0.0,0.0,0.0,0.0,0.0,0.0
2021-12-19,66.18,53.39,66.0,66.41,0.0,70.32,0.0,0.0,0.0,0.0,0.0,0.0,0.0,0.0
2021-12-20,72.54,46.48,61.81,60.05,0.0,65.85,0.0,0.0,0.0,0.0,0.0,0.0,0.0,0.0
2021-12-21,65.97,50.25,68.72,82.74,0.0,73.21,0.0,0.0,0.0,0.0,0.0,0.0,0.0,0.0
2021-12-22,48.03,49.98,54.88,44.18,76.65,53.46,0.0,0.0,0.0,0.0,76.65,0.0,0.0,0.0
2021-12-23,99.91,40.01,82.56,51.69,358.77,64.5,0.0,179.38,0.0,0.0,179.38,0.0,0.0,0.0
2021-12-24,90.85,66.35,81.08,167.14,0.0,86.38,0.0,0.0,0.0,0.0,0.0,0.0,0.0,0.0
2021-12-25,19.86,78.31,58.35,27.4,0.0,62.17,0.0,0.0,0.0,0.0,0.0,0.0,0.0,0.0
2021-12-26,54.57,51.11,51.31,60.23,0.0,54.66,0.0,0.0,0.0,0.0,0.0,0.0,0.0,0.0
2021-12-27,70.66,49.76,62.29,55.71,0.0,66.36,0.0,0.0,0.0,0.0,0.0,0.0,0.0,0.0
2021-12-28,109.76,96.18,95.55,89.74,0.0,101.8,0.0,0.0,0.0,0.0,0.0,0.0,0.0,0.0
2021-12-29,68.02,63.86,59.01,0.0,0.0,62.86,0.0,0.0,0.0,0.0,0.0,0.0,0.0,0.0
2021-12-30,62.78,58.26,71.62,122.3,0.0,76.3,0.0,0.0,0.0,0.0,0.0,0.0,0.0,0.0
2021-12-31,76.16,75.09,83.12,120.1,208.38,74.93,0.0,208.38,104.19,0.0,0.0,0.0,0.0,0.0
2022-01-01,80.76,74.64,62.29,139.28,145.0,56.88,0.0,145.0,0.0,0.0,0.0,0.0,0.0,0.0
2022-01-02,38.66,10.59,29.03,47.41,61.7,26.89,0.0,61.7,0.0,0.0,0.0,0.0,0.0,0.0
2022-01-03,61.45,51.92,61.9,0.0,126.09,57.71,0.0,0.0,0.0,0.0,126.09,0.0,0.0,0.0
2022-01-04,66.94,66.0,69.31,52.78,0.0,73.85,0.0,0.0,0.0,0.0,0.0,0.0,0.0,0.0
2022-01-05,35.0,82.27,68.02,44.57,77.33,67.42,0.0,0.0,0.0,0.0,0.0,0.0,77.33,0.0
2022-01-06,61.12,49.3,55.51,30.67,239.45,43.49,0.0,0.0,0.0,0.0,0.0,0.0,239.45,0.0
2022-01-07,87.74,89.29,88.15,62.48,162.62,83.28,0.0,81.31,0.0,0.0,0.0,0.0,162.62,0.0
2022-01-08,107.13,89.37,94.43,68.22,355.1,77.39,0.0,0.0,0.0,0.0,0.0,0.0,355.1,0.0
2022-01-09,64.97,43.39,59.12,69.4,240.83,47.24,0.0,0.0,0.0,0.0,0.0,0.0,240.83,0.0
2022-01-10,132.49,59.71,104.56,146.24,108.75,104.28,0.0,0.0,0.0,0.0,0.0,0.0,108.75,0.0
2022-01-11,99.01,66.03,83.85,64.28,0.0,89.33,0.0,0.0,0.0,0.0,0.0,0.0,0.0,0.0
2022-01-12,94.39,49.12,80.12,130.24,75.33,80.44,0.0,0.0,0.0,0.0,0.0,0.0,75.33,0.0
2022-01-13,57.08,78.16,78.27,140.01,91.1,77.43,91.1,0.0,0.0,0.0,0.0,0.0,0.0,0.0
2022-01-14,109.86,79.03,102.94,114.7,85.29,104.1,0.0,85.29,0.0,0.0,0.0,0.0,85.29,0.0
2022-01-15,144.4,98.86,117.86,154.96,0.0,125.57,0.0,0.0,0.0,0.0,0.0,0.0,0.0,0.0
2022-01-16,72.42,36.78,56.74,48.45,0.0,60.45,0.0,0.0,0.0,0.0,0.0,0.0,0.0,0.0
2022-01-17,82.97,94.07,87.77,137.37,119.18,85.71,0.0,119.18,0.0,0.0,0.0,0.0,0.0,0.0
2022-01-18,94.64,124.4,100.11,121.87,362.5,82.95,181.25,181.25,0.0,0.0,0.0,0.0,0.0,0.0
2022-01-19,105.21,92.51,113.63,125.55,163.38,110.38,81.69,81.69,0.0,0.0,0.0,0.0,0.0,0.0
2022-01-20,102.75,77.31,101.7,119.38,155.36,98.19,77.68,77.68,77.68,0.0,0.0,0.0,77.68,0.0
2022-01-21,129.79,90.99,127.12,143.26,0.0,135.43,0.0,0.0,0.0,0.0,0.0,0.0,0.0,0.0
2022-01-22,95.01,120.99,120.97,196.63,113.73,121.45,0.0,0.0,0.0,0.0,0.0,0.0,113.73,0.0
2022-01-23,105.14,31.55,77.9,63.07,196.98,70.12,0.0,196.98,0.0,0.0,0.0,0.0,0.0,0.0
2022-01-24,134.15,140.27,157.66,134.61,116.78,160.34,0.0,116.78,0.0,0.0,0.0,0.0,0.0,0.0
2022-01-25,185.47,117.14,165.2,159.94,0.0,176.0,0.0,0.0,0.0,0.0,0.0,0.0,0.0,0.0
2022-01-26,175.76,53.32,127.12,134.31,414.29,108.35,233.04,414.29,0.0,0.0,155.36,0.0,0.0,0.0
2022-01-27,169.96,103.58,161.63,119.38,88.78,166.39,0.0,88.78,0.0,0.0,0.0,0.0,0.0,0.0
2022-01-28,158.77,75.37,133.05,210.95,84.47,136.22,0.0,84.47,0.0,0.0,0.0,0.0,0.0,0.0
2022-01-29,253.06,77.71,182.85,320.54,0.0,194.8,0.0,0.0,0.0,0.0,0.0,0.0,0.0,0.0
2022-01-30,116.16,42.94,93.86,80.13,119.18,92.21,59.59,59.59,0.0,0.0,0.0,0.0,0.0,0.0
2022-01-31,189.78,51.75,130.51,133.71,232.0,123.88,0.0,232.0,0.0,0.0,0.0,0.0,0.0,0.0
2022-02-01,140.86,94.43,130.79,139.93,161.86,128.76,0.0,80.93,0.0,0.0,0.0,0.0,80.93,0.0
2022-02-02,185.15,57.37,133.67,131.37,0.0,142.41,0.0,0.0,0.0,0.0,0.0,0.0,0.0,0.0
2022-02-03,245.09,44.44,162.24,124.38,350.7,149.92,80.93,350.7,0.0,0.0,0.0,0.0,80.93,0.0
2022-02-04,168.67,68.03,139.67,84.63,342.62,126.4,0.0,342.62,0.0,0.0,0.0,0.0,0.0,0.0
2022-02-05,189.28,64.46,141.57,18.99,98.86,144.36,98.86,0.0,0.0,0.0,0.0,0.0,0.0,0.0
2022-02-06,107.94,31.53,78.71,22.06,0.0,83.85,0.0,0.0,0.0,0.0,0.0,0.0,0.0,0.0
2022-02-07,118.91,102.58,109.18,82.03,249.08,100.04,249.08,0.0,0.0,0.0,142.33,0.0,0.0,0.0
2022-02-08,112.69,16.66,77.81,62.19,188.84,70.55,0.0,188.84,0.0,0.0,0.0,0.0,107.91,0.0
2022-02-09,132.96,46.12,98.39,27.18,306.51,84.78,0.0,306.51,0.0,0.0,0.0,0.0,0.0,0.0
2022-02-10,85.35,40.71,66.33,60.78,184.55,58.61,0.0,184.55,0.0,0.0,0.0,0.0,0.0,0.0
2022-02-11,158.63,116.11,149.72,238.77,161.11,148.98,0.0,92.06,0.0,0.0,69.05,0.0,0.0,0.0
2022-02-12,208.74,107.96,176.96,207.74,327.69,167.11,0.0,327.69,131.07,0.0,0.0,0.0,0.0,0.0
2022-02-13,133.52,34.34,95.52,117.48,129.71,93.29,0.0,129.71,0.0,0.0,0.0,0.0,0.0,0.0
2022-02-14,173.56,38.41,124.89,156.39,237.43,117.53,0.0,237.43,0.0,0.0,0.0,0.0,0.0,0.0
2022-02-15,185.93,38.88,132.44,186.57,323.72,119.94,0.0,323.72,0.0,0.0,0.0,0.0,0.0,0.0
2022-02-16,185.07,37.91,121.47,132.65,69.05,124.9,0.0,0.0,0.0,0.0,69.05,0.0,0.0,0.0
2022-02-17,201.9,41.36,130.97,115.77,376.63,114.91,0.0,301.3,0.0,0.0,0.0,150.65,0.0,0.0
2022-02-18,224.74,62.15,141.73,181.51,236.2,135.56,0.0,157.47,0.0,0.0,78.73,0.0,78.73,0.0
2022-02-19,227.57,89.74,158.42,154.58,201.16,155.63,100.58,201.16,0.0,0.0,0.0,0.0,0.0,0.0
2022-02-20,117.23,74.91,94.41,71.89,228.68,85.63,62.37,166.31,0.0,0.0,0.0,0.0,0.0,0.0
2022-02-21,336.06,65.49,218.16,86.26,0.0,232.42,0.0,0.0,0.0,0.0,0.0,0.0,0.0,0.0
2022-02-22,295.08,241.92,231.82,205.71,535.39,211.97,0.0,535.39,89.23,0.0,89.23,0.0,0.0,0.0
2022-02-23,400.87,262.51,278.56,258.38,1036.72,228.99,0.0,1036.72,84.06,0.0,0.0,0.0,84.06,0.0
2022-02-24,251.14,477.71,368.09,179.37,961.96,329.27,0.0,961.96,282.93,0.0,0.0,0.0,84.88,0.0
2022-02-25,170.07,823.64,511.99,444.6,1514.3,446.46,0.0,1514.3,200.0,0.0,0.0,0.0,0.0,0.0
2022-02-26,170.84,761.73,497.4,492.84,1487.19,432.69,0.0,1487.19,446.16,0.0,0.0,0.0,223.08,0.0
2022-02-27,103.31,375.46,254.75,167.7,834.12,216.87,0.0,834.12,116.39,0.0,0.0,0.0,58.19,0.0
2022-02-28,191.86,649.06,422.26,290.67,972.68,386.28,0.0,972.68,0.0,0.0,0.0,0.0,0.0,0.0
2022-03-01,227.8,549.58,384.29,354.98,1180.54,332.23,0.0,1180.54,0.0,0.0,0.0,0.0,76.99,0.0
2022-03-02,285.32,688.43,454.48,290.07,1150.42,408.98,215.7,1150.42,287.61,0.0,71.9,0.0,0.0,0.0
2022-03-03,96.91,529.46,337.75,59.43,541.34,324.44,77.33,541.34,154.67,0.0,0.0,0.0,0.0,0.0
2022-03-04,130.17,576.18,384.04,263.9,915.8,349.27,76.32,915.8,228.95,76.32,0.0,0.0,0.0,0.0
2022-03-05,237.68,831.46,531.66,359.66,1174.69,489.61,0.0,1174.69,220.25,0.0,0.0,0.0,0.0,0.0
2022-03-06,221.09,417.77,284.21,177.94,926.24,242.23,0.0,926.24,66.16,0.0,0.0,0.0,0.0,0.0
2022-03-07,222.74,627.96,424.83,150.96,972.91,389.0,0.0,972.91,224.52,0.0,0.0,0.0,0.0,0.0
2022-03-08,191.13,668.79,427.13,311.99,1984.9,325.28,0.0,1984.9,721.78,180.45,0.0,0.0,77.33,0.0
2022-03-09,242.82,521.82,355.94,225.86,2037.85,245.97,235.14,2037.85,1358.57,313.52,0.0,0.0,78.38,0.0
2022-03-10,143.16,526.57,352.7,197.53,1291.83,291.3,158.18,1291.83,474.55,0.0,0.0,0.0,0.0,0.0
2022-03-11,208.29,532.29,367.21,302.51,971.05,327.73,236.2,971.05,78.73,78.73,0.0,0.0,0.0,0.0
2022-03-12,164.55,472.88,329.19,289.83,905.21,291.53,100.58,905.21,234.68,0.0,0.0,0.0,0.0,0.0
2022-03-13,108.77,365.85,238.13,164.78,408.45,226.99,0.0,408.45,81.69,142.96,0.0,0.0,0.0,0.0
2022-03-14,149.29,584.52,370.98,235.4,530.99,360.52,122.54,408.45,245.07,0.0,0.0,0.0,0.0,0.0
2022-03-15,189.97,418.0,292.84,121.55,263.64,294.75,0.0,263.64,0.0,0.0,0.0,0.0,0.0,0.0
2022-03-16,197.73,436.75,307.4,221.01,407.44,300.86,0.0,407.44,0.0,0.0,71.9,0.0,71.9,0.0
2022-03-17,126.43,524.67,335.21,178.5,422.33,329.51,84.47,422.33,84.47,0.0,0.0,0.0,84.47,0.0
2022-03-18,180.6,430.05,292.26,276.01,399.09,285.28,0.0,399.09,79.82,0.0,0.0,0.0,79.82,0.0
2022-03-19,216.58,470.47,340.84,222.85,105.46,356.23,0.0,105.46,105.46,0.0,0.0,0.0,0.0,0.0
2022-03-20,96.36,298.57,202.24,141.09,527.28,180.99,0.0,527.28,56.49,0.0,0.0,0.0,0.0,0.0
2022-03-21,125.46,409.47,287.29,71.63,497.15,273.57,0.0,497.15,0.0,0.0,0.0,0.0,0.0,0.0
2022-03-22,112.05,388.14,282.97,133.71,551.0,265.45,87.0,551.0,0.0,0.0,0.0,0.0,0.0,0.0
2022-03-23,201.9,356.62,263.66,170.23,268.52,263.34,80.56,268.52,107.41,0.0,0.0,0.0,0.0,0.0
2022-03-24,233.18,358.84,287.43,282.48,462.91,275.95,0.0,462.91,108.92,0.0,0.0,0.0,0.0,0.0
2022-03-25,199.05,372.86,272.39,266.79,462.91,259.93,0.0,462.91,0.0,0.0,0.0,0.0,0.0,0.0
2022-03-26,141.2,362.68,251.12,205.08,747.25,218.69,320.25,533.75,213.5,0.0,106.75,0.0,0.0,0.0
2022-03-27,111.08,268.61,197.06,196.63,421.46,182.39,60.21,421.46,0.0,0.0,60.21,0.0,0.0,0.0
2022-03-28,221.69,417.61,300.11,284.02,454.91,289.98,0.0,454.91,0.0,0.0,0.0,0.0,113.73,0.0
2022-03-29,189.97,317.57,247.54,227.91,369.09,239.59,79.09,290.0,0.0,0.0,0.0,0.0,0.0,0.0
2022-03-30,166.82,346.64,238.3,184.13,393.22,228.17,0.0,393.22,0.0,0.0,0.0,0.0,0.0,0.0
2022-03-31,157.03,364.92,245.53,201.18,1074.08,191.36,241.67,993.53,80.56,0.0,80.56,0.0,0.0,0.0
2022-04-01,120.6,298.57,212.62,147.91,615.93,186.25,76.99,615.93,230.98,76.99,76.99,76.99,0.0,0.0
2022-04-02,138.65,363.32,242.3,181.23,628.92,217.02,0.0,628.92,209.64,0.0,0.0,0.0,104.82,0.0
2022-04-03,114.48,307.8,195.71,264.2,518.22,174.62,119.59,458.42,119.59,59.79,0.0,0.0,0.0,0.0
2022-04-04,109.78,298.57,197.99,83.57,398.75,184.87,0.0,398.75,0.0,0.0,0.0,0.0,0.0,0.0
2022-04-05,134.27,341.22,224.43,164.67,628.58,198.01,0.0,628.58,0.0,0.0,0.0,0.0,0.0,0.0
2022-04-06,145.67,345.18,238.79,239.77,611.82,214.41,0.0,611.82,146.84,0.0,0.0,0.0,0.0,0.0
2022-04-07,134.0,277.43,207.89,207.07,461.95,191.28,76.99,384.96,76.99,0.0,0.0,0.0,0.0,0.0
2022-04-08,119.51,366.85,234.63,179.88,728.26,202.36,156.06,572.2,0.0,0.0,0.0,0.0,0.0,0.0
2022-04-09,119.54,357.5,262.27,175.93,381.58,254.47,0.0,381.58,152.63,0.0,0.0,0.0,0.0,0.0
2022-04-10,143.56,261.73,184.9,173.65,131.82,188.37,0.0,131.82,0.0,0.0,0.0,0.0,0.0,56.49
2022-04-11,214.01,362.26,256.28,245.13,502.67,240.17,116.0,270.67,0.0,0.0,0.0,0.0,0.0,0.0
2022-04-12,205.05,304.79,215.05,226.33,422.92,201.46,0.0,422.92,0.0,0.0,0.0,0.0,0.0,0.0
2022-04-13,144.6,344.3,229.28,165.63,391.89,218.64,78.38,391.89,0.0,0.0,0.0,0.0,0.0,0.0
2022-04-14,183.18,372.85,263.92,211.98,396.1,255.27,0.0,396.1,0.0,0.0,0.0,0.0,0.0,0.0
2022-04-15,187.05,362.97,273.93,180.25,284.32,273.25,0.0,284.32,85.29,0.0,0.0,0.0,0.0,0.0
2022-04-16,196.75,387.95,265.25,191.62,443.32,253.61,110.83,332.49,221.66,0.0,0.0,0.0,0.0,0.0
2022-04-17,105.94,261.11,174.59,127.1,463.12,155.72,0.0,396.96,66.16,0.0,0.0,66.16,66.16,0.0
2022-04-18,105.89,279.78,216.55,140.25,0.0,230.71,0.0,0.0,0.0,0.0,0.0,0.0,0.0,0.0
2022-04-19,133.56,287.85,189.83,68.57,475.9,171.13,0.0,475.9,89.23,0.0,0.0,0.0,118.98,0.0
2022-04-20,98.72,281.47,192.87,117.81,153.31,195.45,0.0,153.31,0.0,0.0,76.65,0.0,0.0,0.0
2022-04-21,129.18,277.34,200.74,142.58,164.93,203.08,0.0,164.93,82.47,0.0,0.0,0.0,0.0,0.0
2022-04-22,131.04,252.63,181.39,224.99,167.31,182.31,167.31,83.65,83.65,83.65,0.0,0.0,0.0,0.0
2022-04-23,154.32,270.04,219.91,106.46,0.0,234.29,0.0,0.0,0.0,0.0,0.0,0.0,0.0,0.0
2022-04-24,84.12,175.09,130.73,30.95,107.41,132.26,0.0,107.41,0.0,0.0,0.0,0.0,0.0,0.0
2022-04-25,127.96,349.03,248.15,188.32,571.84,226.99,0.0,571.84,122.54,0.0,122.54,0.0,122.54,0.0
2022-04-26,161.52,190.52,161.02,159.18,165.72,160.71,0.0,165.72,0.0,0.0,0.0,0.0,0.0,0.0
2022-04-27,140.56,188.97,142.68,98.73,171.31,140.8,0.0,171.31,0.0,0.0,0.0,0.0,0.0,0.0
2022-04-28,120.56,220.74,156.88,95.05,247.4,150.97,0.0,247.4,0.0,0.0,0.0,0.0,0.0,0.0
2022-04-29,148.77,275.0,195.14,161.27,305.27,187.94,0.0,305.27,0.0,0.0,0.0,0.0,0.0,0.0
2022-04-30,119.54,345.71,241.2,219.92,457.9,227.03,0.0,457.9,0.0,0.0,0.0,0.0,0.0,0.0
2022-05-01,113.81,220.6,151.9,74.52,295.54,142.51,0.0,295.54,0.0,0.0,0.0,0.0,0.0,0.0
2022-05-02,75.71,247.5,166.26,87.97,457.9,147.19,0.0,457.9,0.0,0.0,114.47,0.0,0.0,0.0
2022-05-03,129.79,204.73,161.02,111.42,552.39,135.43,0.0,552.39,0.0,0.0,0.0,0.0,0.0,82.86
2022-05-04,109.13,182.91,153.92,120.46,574.78,126.4,0.0,574.78,78.38,0.0,0.0,0.0,78.38,0.0
2022-05-05,90.21,198.2,152.98,128.02,444.26,133.93,0.0,444.26,148.09,0.0,148.09,0.0,0.0,0.0
2022-05-06,131.79,215.63,171.38,154.76,241.67,166.78,161.11,241.67,0.0,80.56,80.56,0.0,0.0,0.0
2022-05-07,110.13,217.14,172.58,141.81,316.37,163.18,0.0,316.37,105.46,0.0,105.46,0.0,0.0,0.0
2022-05-08,117.83,179.34,131.2,125.5,277.14,121.66,0.0,277.14,0.0,0.0,0.0,0.0,0.0,0.0
2022-05-09,104.43,226.5,157.1,115.27,120.0,159.53,0.0,120.0,0.0,0.0,0.0,120.0,0.0,0.0
2022-05-10,80.12,218.0,152.55,141.49,92.06,156.5,0.0,92.06,0.0,0.0,0.0,0.0,0.0,0.0
2022-05-11,115.24,208.73,157.5,118.33,230.98,152.69,0.0,230.98,76.99,0.0,0.0,0.0,76.99,0.0
2022-05-12,101.82,283.13,204.05,86.45,375.0,192.87,0.0,375.0,150.0,0.0,0.0,75.0,75.0,0.0
2022-05-13,128.99,176.93,143.36,123.8,80.56,147.47,0.0,80.56,0.0,0.0,0.0,0.0,0.0,0.0
2022-05-14,158.17,197.78,154.16,85.17,0.0,164.24,0.0,0.0,0.0,0.0,0.0,0.0,0.0,0.0
2022-05-15,107.86,169.73,119.46,91.58,59.59,123.37,0.0,59.59,0.0,0.0,0.0,0.0,0.0,0.0
2022-05-16,129.26,218.46,154.1,142.68,106.1,157.23,0.0,106.1,0.0,0.0,0.0,0.0,0.0,0.0
2022-05-17,91.23,244.85,175.74,125.88,145.61,177.71,72.8,145.61,0.0,0.0,0.0,0.0,0.0,0.0
2022-05-18,83.08,192.88,149.62,147.91,307.97,139.27,0.0,307.97,76.99,0.0,0.0,0.0,0.0,0.0
2022-05-19,139.56,247.66,190.27,169.45,668.21,159.02,0.0,668.21,0.0,0.0,0.0,0.0,0.0,0.0
2022-05-20,156.83,173.28,154.13,89.54,233.04,148.98,0.0,233.04,0.0,0.0,0.0,0.0,0.0,0.0
2022-05-21,185.56,251.97,207.8,135.26,335.26,199.47,0.0,335.26,0.0,0.0,0.0,0.0,0.0,0.0
2022-05-22,84.29,121.75,101.37,64.91,56.31,104.31,0.0,56.31,0.0,0.0,0.0,0.0,0.0,0.0
2022-05-23,137.51,167.84,155.84,126.48,219.46,151.68,0.0,219.46,0.0,0.0,0.0,0.0,0.0,0.0
2022-05-24,156.93,247.0,207.09,197.53,316.37,199.95,0.0,316.37,0.0,0.0,0.0,0.0,79.09,0.0
2022-05-25,159.68,190.0,177.97,197.53,237.27,174.09,0.0,237.27,0.0,0.0,0.0,0.0,79.09,0.0
2022-05-26,103.15,140.81,105.69,160.57,75.98,107.64,75.98,0.0,0.0,0.0,0.0,0.0,0.0,0.0
2022-05-27,104.52,158.53,124.42,162.7,153.98,122.49,76.99,153.98,76.99,76.99,0.0,0.0,76.99,0.0
2022-05-28,104.43,199.05,143.19,153.69,200.0,139.48,100.0,100.0,200.0,0.0,0.0,0.0,100.0,0.0
2022-05-29,56.96,108.57,81.45,94.31,163.64,76.08,0.0,54.55,0.0,0.0,0.0,0.0,0.0,0.0
2022-05-30,65.93,186.86,133.17,113.7,157.82,131.56,0.0,157.82,0.0,0.0,0.0,0.0,0.0,0.0
2022-05-31,107.46,211.89,145.44,161.75,530.11,120.29,0.0,436.56,0.0,0.0,93.55,0.0,0.0,0.0
2022-06-01,133.36,232.83,186.13,107.34,319.27,177.43,79.82,319.27,0.0,0.0,0.0,0.0,0.0,0.0
2022-06-02,138.29,179.96,144.65,137.37,238.36,138.52,0.0,238.36,0.0,0.0,79.45,0.0,0.0,0.0
2022-06-03,140.21,193.52,163.14,170.23,241.67,158.0,161.11,161.11,0.0,80.56,0.0,0.0,80.56,0.0
2022-06-04,134.6,226.98,170.68,175.93,305.27,161.89,101.76,305.27,0.0,0.0,101.76,0.0,0.0,0.0
2022-06-05,84.84,161.44,107.83,76.22,170.03,103.76,56.68,113.36,0.0,0.0,0.0,0.0,0.0,0.0
2022-06-06,105.69,180.34,131.39,157.04,116.78,132.34,0.0,116.78,0.0,0.0,0.0,0.0,0.0,0.0
2022-06-07,91.59,151.47,119.8,97.84,84.88,122.09,84.88,84.88,0.0,0.0,0.0,0.0,0.0,0.0
2022-06-08,98.53,194.28,146.46,79.97,166.51,145.15,83.25,83.25,0.0,0.0,83.25,0.0,0.0,0.0
2022-06-09,79.84,130.28,110.02,91.17,79.09,112.04,0.0,79.09,0.0,0.0,0.0,0.0,0.0,0.0
2022-06-10,115.24,153.25,143.32,103.54,179.65,140.95,0.0,179.65,76.99,0.0,0.0,0.0,0.0,0.0
2022-06-11,129.02,215.53,170.6,197.79,102.96,175.02,0.0,102.96,0.0,0.0,0.0,0.0,0.0,0.0
2022-06-12,95.85,152.8,116.25,78.78,117.17,116.19,0.0,117.17,0.0,0.0,0.0,0.0,0.0,0.0
2022-06-13,137.82,189.51,159.85,160.13,104.19,163.49,0.0,104.19,104.19,0.0,0.0,0.0,0.0,0.0
2022-06-14,100.95,199.05,149.96,139.28,241.67,143.96,0.0,241.67,0.0,0.0,0.0,0.0,0.0,0.0
2022-06-15,110.37,241.51,170.85,89.14,154.67,171.91,0.0,154.67,154.67,0.0,0.0,0.0,0.0,0.0
2022-06-16,136.85,212.37,163.82,83.92,364.02,150.73,72.8,364.02,0.0,0.0,72.8,0.0,0.0,0.0
2022-06-17,128.64,177.03,146.47,88.75,230.98,140.95,0.0,153.98,0.0,0.0,76.99,0.0,0.0,0.0
2022-06-18,182.4,166.25,182.01,151.94,0.0,193.91,0.0,0.0,0.0,0.0,0.0,0.0,0.0,0.0
2022-06-19,58.68,146.7,119.47,57.83,0.0,127.28,0.0,0.0,0.0,0.0,0.0,0.0,0.0,0.0
2022-06-20,103.83,153.55,129.66,143.26,124.29,130.02,0.0,124.29,0.0,0.0,124.29,0.0,0.0,0.0
2022-06-21,101.51,166.8,143.17,112.05,291.62,133.47,0.0,291.62,0.0,0.0,97.21,0.0,97.21,0.0
2022-06-22,80.76,161.58,129.81,65.54,159.22,127.89,0.0,159.22,0.0,0.0,0.0,0.0,0.0,0.0
2022-06-23,69.3,118.92,96.53,70.82,0.0,102.84,0.0,0.0,0.0,0.0,0.0,0.0,0.0,0.0
2022-06-24,116.89,133.57,123.33,117.29,228.95,116.42,0.0,152.63,76.32,0.0,0.0,76.32,0.0,0.0
2022-06-25,122.5,241.54,167.97,206.57,586.52,140.61,0.0,586.52,195.51,0.0,0.0,0.0,0.0,0.0
2022-06-26,61.53,117.53,87.01,84.89,257.78,75.84,0.0,257.78,0.0,0.0,0.0,0.0,0.0,0.0
2022-06-27,107.86,196.32,143.84,45.79,436.99,124.67,0.0,436.99,0.0,0.0,0.0,0.0,0.0,0.0
2022-06-28,121.7,245.55,164.66,203.06,894.4,116.95,0.0,894.4,162.62,0.0,0.0,0.0,162.62,0.0
2022-06-29,120.61,147.35,112.48,173.65,502.17,87.01,0.0,502.17,0.0,0.0,0.0,0.0,100.43,0.0
2022-06-30,139.34,210.26,163.77,204.02,599.07,135.31,163.38,435.68,163.38,0.0,0.0,0.0,108.92,0.0
2022-07-01,97.6,212.25,165.32,126.74,247.4,159.95,0.0,247.4,164.93,0.0,0.0,0.0,0.0,0.0
2022-07-02,129.79,286.94,219.57,65.12,602.6,194.53,0.0,489.61,112.99,0.0,0.0,0.0,112.99,0.0
2022-07-03,70.98,172.61,136.26,39.17,203.91,131.84,67.97,203.91,0.0,0.0,0.0,0.0,0.0,0.0
2022-07-04,85.42,206.7,136.9,64.28,0.0,145.85,0.0,0.0,0.0,0.0,0.0,0.0,0.0,0.0
2022-07-05,71.26,178.82,133.24,143.0,279.15,123.7,0.0,279.15,93.05,0.0,0.0,0.0,93.05,0.0
2022-07-06,90.08,189.86,140.55,85.71,89.23,143.91,0.0,89.23,0.0,0.0,0.0,0.0,89.23,0.0
2022-07-07,93.63,178.85,137.56,80.74,84.06,141.06,84.06,0.0,0.0,0.0,0.0,0.0,0.0,0.0
2022-07-08,76.08,138.47,101.45,48.45,168.12,97.09,0.0,168.12,0.0,0.0,0.0,0.0,0.0,0.0
2022-07-09,155.63,290.27,212.57,162.49,241.67,210.67,0.0,241.67,120.83,0.0,0.0,0.0,0.0,0.0
2022-07-10,54.27,94.17,72.72,47.92,62.37,73.4,0.0,62.37,0.0,0.0,0.0,0.0,0.0,0.0
2022-07-11,121.14,196.48,163.04,129.4,336.78,151.68,224.52,224.52,0.0,0.0,0.0,0.0,112.26,0.0
2022-07-12,114.08,163.34,113.33,104.93,234.08,105.43,234.08,156.06,0.0,78.03,0.0,0.0,0.0,0.0
2022-07-13,148.38,172.67,140.09,147.67,559.04,112.7,349.4,349.4,69.88,69.88,0.0,0.0,0.0,0.0
2022-07-14,171.42,160.55,161.18,157.68,492.46,139.52,410.38,164.15,82.08,0.0,0.0,0.0,0.0,0.0
2022-07-15,201.9,144.24,170.23,145.34,252.18,164.87,168.12,168.12,0.0,0.0,0.0,0.0,0.0,0.0
2022-07-16,181.34,239.57,204.61,160.13,104.19,211.18,104.19,104.19,0.0,0.0,0.0,0.0,0.0,0.0
2022-07-17,111.21,131.17,112.03,109.6,342.3,96.98,171.15,228.2,0.0,57.05,114.1,0.0,0.0,0.0
2022-07-18,87.12,139.06,119.46,91.58,119.18,119.48,0.0,119.18,0.0,0.0,0.0,0.0,0.0,0.0
2022-07-19,74.63,127.35,102.9,126.74,0.0,109.63,0.0,0.0,0.0,0.0,0.0,0.0,0.0,0.0
2022-07-20,127.22,130.88,125.15,152.64,529.68,98.7,79.45,529.68,79.45,0.0,0.0,0.0,79.45,0.0
2022-07-21,131.1,131.84,140.22,101.29,251.08,132.97,0.0,251.08,0.0,0.0,0.0,0.0,0.0,0.0
2022-07-22,136.21,97.14,122.62,127.95,0.0,130.64,0.0,0.0,0.0,0.0,0.0,0.0,0.0,0.0
2022-07-23,105.89,225.49,179.21,257.13,121.68,182.98,0.0,121.68,0.0,0.0,0.0,0.0,0.0,0.0
2022-07-24,62.81,141.54,98.87,99.04,0.0,105.34,0.0,0.0,0.0,0.0,0.0,0.0,0.0,0.0
2022-07-25,82.77,155.77,117.17,124.57,108.08,117.77,0.0,0.0,0.0,0.0,108.08,0.0,0.0,0.0
2022-07-26,152.22,162.57,173.31,227.52,91.1,178.69,0.0,0.0,0.0,0.0,0.0,0.0,0.0,0.0
2022-07-27,165.98,132.06,140.32,192.85,334.62,127.62,83.65,250.96,0.0,0.0,0.0,0.0,0.0,0.0
2022-07-28,172.67,146.67,154.55,73.31,152.63,154.68,0.0,152.63,0.0,0.0,0.0,0.0,0.0,0.0
2022-07-29,206.49,124.86,152.08,106.36,0.0,162.03,0.0,0.0,0.0,0.0,0.0,0.0,0.0,0.0
2022-07-30,154.39,281.01,216.36,174.78,113.73,223.07,0.0,113.73,113.73,0.0,0.0,0.0,0.0,0.0
2022-07-31,65.36,137.47,112.67,120.24,250.36,103.67,62.59,125.18,0.0,0.0,62.59,0.0,0.0,0.0
2022-08-01,161.77,211.41,174.65,166.1,324.23,164.87,0.0,216.15,0.0,0.0,108.08,0.0,0.0,0.0
2022-08-02,118.7,162.04,137.73,201.57,0.0,146.73,0.0,0.0,0.0,0.0,0.0,0.0,0.0,0.0
2022-08-03,201.9,160.27,181.82,144.71,75.33,188.78,75.33,0.0,0.0,0.0,0.0,0.0,0.0,0.0
2022-08-04,201.9,156.39,174.58,254.68,82.86,180.58,0.0,82.86,0.0,0.0,0.0,0.0,0.0,0.0
2022-08-05,254.45,261.76,214.54,259.48,264.84,211.25,0.0,264.84,79.45,0.0,0.0,0.0,0.0,0.0
2022-08-06,206.65,302.08,226.13,216.29,238.83,225.3,0.0,238.83,0.0,0.0,0.0,0.0,0.0,0.0
2022-08-07,94.84,199.75,140.6,142.75,165.13,139.0,0.0,165.13,0.0,0.0,0.0,0.0,0.0,0.0
2022-08-08,218.83,277.38,231.93,215.66,112.26,239.76,0.0,112.26,0.0,0.0,0.0,0.0,0.0,0.0
2022-08-09,144.77,212.64,194.46,195.67,0.0,207.18,0.0,0.0,0.0,0.0,0.0,0.0,0.0,0.0
2022-08-10,144.9,174.28,172.01,127.95,249.76,166.93,83.25,83.25,0.0,0.0,0.0,0.0,83.25,0.0
2022-08-11,130.26,173.36,147.35,179.72,311.83,136.6,187.1,124.73,187.1,0.0,0.0,0.0,0.0,0.0
2022-08-12,177.01,207.23,185.28,183.16,0.0,197.4,0.0,0.0,0.0,0.0,0.0,0.0,0.0,0.0
2022-08-13,112.31,185.86,155.58,154.96,0.0,165.75,0.0,0.0,0.0,0.0,0.0,0.0,0.0,0.0
2022-08-14,105.43,194.62,155.56,111.42,128.89,157.3,128.89,64.44,0.0,0.0,0.0,0.0,0.0,0.0
2022-08-15,110.85,269.3,200.07,131.09,0.0,213.15,0.0,0.0,0.0,0.0,0.0,0.0,0.0,0.0
2022-08-16,106.53,213.05,169.92,134.38,87.44,175.31,87.44,0.0,87.44,0.0,0.0,0.0,0.0,0.0
2022-08-17,136.49,151.39,140.37,94.16,272.3,131.74,190.61,81.69,108.92,0.0,0.0,0.0,0.0,0.0
2022-08-18,65.78,132.4,107.91,121.0,78.73,109.82,0.0,78.73,0.0,0.0,0.0,0.0,0.0,0.0
2022-08-19,102.55,192.73,152.55,141.49,92.06,156.5,0.0,92.06,0.0,0.0,0.0,0.0,0.0,0.0
2022-08-20,112.6,214.36,168.84,171.42,0.0,179.88,0.0,0.0,0.0,0.0,0.0,0.0,0.0,0.0
2022-08-21,80.32,151.96,114.82,131.79,0.0,122.33,0.0,0.0,0.0,0.0,0.0,0.0,0.0,0.0
2022-08-22,113.57,160.48,149.05,125.35,0.0,158.79,0.0,0.0,0.0,0.0,0.0,0.0,0.0,0.0
2022-08-23,178.14,169.24,169.4,178.76,0.0,180.48,0.0,0.0,0.0,0.0,0.0,0.0,0.0,0.0
2022-08-24,126.07,229.67,153.01,45.38,393.67,137.27,104.98,288.69,104.98,0.0,0.0,0.0,0.0,0.0
2022-08-25,99.57,220.86,160.9,122.11,291.33,152.38,79.45,211.87,0.0,0.0,0.0,0.0,0.0,0.0
2022-08-26,168.89,186.61,147.17,80.35,111.54,149.5,0.0,111.54,0.0,0.0,0.0,0.0,0.0,0.0
2022-08-27,162.5,200.26,162.78,122.3,212.2,159.55,0.0,212.2,106.1,0.0,0.0,0.0,0.0,0.0
2022-08-28,74.03,119.43,90.96,111.42,64.44,92.7,0.0,0.0,0.0,0.0,64.44,0.0,0.0,0.0
2022-08-29,186.69,155.42,146.28,114.48,119.18,148.05,0.0,0.0,0.0,0.0,119.18,0.0,0.0,0.0
2022-08-30,152.95,196.03,149.21,118.18,263.64,141.73,87.88,175.76,87.88,0.0,0.0,0.0,87.88,0.0
2022-08-31,131.19,195.38,152.55,92.43,160.37,152.03,80.18,80.18,0.0,0.0,0.0,0.0,0.0,0.0
2022-09-01,124.46,174.51,136.52,152.64,79.45,140.26,0.0,79.45,79.45,0.0,79.45,0.0,0.0,0.0
2022-09-02,100.48,143.09,127.94,107.83,160.37,125.82,0.0,160.37,0.0,0.0,0.0,0.0,0.0,0.0
2022-09-03,161.01,222.98,200.5,211.57,550.64,177.61,110.13,440.51,0.0,0.0,0.0,0.0,0.0,0.0
2022-09-04,67.74,92.32,83.13,98.96,114.47,81.08,0.0,114.47,0.0,0.0,0.0,0.0,0.0,0.0
2022-09-05,150.41,244.47,174.39,134.61,467.12,155.25,0.0,467.12,116.78,0.0,0.0,0.0,0.0,0.0
2022-09-06,85.65,202.06,143.81,151.94,263.64,135.98,87.88,263.64,0.0,0.0,0.0,0.0,0.0,0.0
2022-09-07,85.81,84.59,87.5,125.35,217.5,79.0,0.0,217.5,72.5,0.0,72.5,0.0,72.5,0.0
2022-09-08,98.14,154.81,126.89,108.33,241.67,119.38,80.56,161.11,0.0,0.0,0.0,0.0,0.0,0.0
2022-09-09,106.4,102.21,96.2,60.23,156.76,92.24,78.38,78.38,0.0,0.0,0.0,0.0,0.0,0.0
2022-09-10,88.88,159.02,125.74,127.17,94.57,127.78,0.0,94.57,0.0,0.0,0.0,0.0,0.0,0.0
2022-09-11,50.47,84.21,67.31,53.57,55.77,68.06,0.0,55.77,0.0,0.0,0.0,0.0,0.0,0.0
2022-09-12,60.57,214.97,149.49,133.71,116.0,151.68,0.0,116.0,0.0,0.0,0.0,0.0,0.0,0.0
2022-09-13,105.85,121.75,115.77,178.5,168.93,112.29,0.0,168.93,84.47,0.0,0.0,0.0,0.0,0.0
2022-09-14,98.06,187.67,152.55,159.18,82.86,157.1,0.0,82.86,0.0,0.0,0.0,0.0,0.0,0.0
2022-09-15,93.58,143.52,125.27,114.77,74.68,128.57,74.68,74.68,74.68,0.0,0.0,0.0,0.0,0.0
2022-09-16,123.19,159.41,143.28,113.31,294.92,133.37,0.0,294.92,0.0,0.0,0.0,0.0,147.46,0.0
2022-09-17,133.85,277.12,196.65,166.21,384.53,184.37,0.0,384.53,0.0,0.0,0.0,0.0,192.27,0.0
2022-09-18,68.22,103.94,77.75,68.45,277.14,64.71,0.0,277.14,0.0,0.0,0.0,0.0,59.39,0.0
2022-09-19,140.68,142.54,146.97,129.4,112.26,149.24,0.0,112.26,0.0,0.0,0.0,0.0,0.0,0.0
2022-09-20,161.12,123.55,133.26,98.8,85.71,136.37,0.0,85.71,0.0,0.0,0.0,0.0,0.0,0.0
2022-09-21,181.14,170.21,144.7,203.06,189.72,141.76,0.0,189.72,0.0,0.0,0.0,0.0,0.0,0.0
2022-09-22,188.93,221.87,184.5,138.0,266.06,179.17,0.0,266.06,0.0,0.0,0.0,0.0,0.0,0.0
2022-09-23,245.55,268.98,216.45,271.03,287.39,211.81,0.0,287.39,0.0,0.0,0.0,0.0,0.0,0.0
2022-09-24,116.06,221.69,176.9,120.1,0.0,188.47,0.0,0.0,0.0,0.0,0.0,0.0,0.0,0.0
2022-09-25,107.72,126.24,106.3,67.3,0.0,113.25,0.0,0.0,0.0,0.0,0.0,0.0,0.0,0.0
2022-09-26,133.67,152.37,135.01,161.37,0.0,143.84,0.0,0.0,0.0,0.0,0.0,0.0,0.0,0.0
2022-09-27,100.48,170.61,155.83,200.26,240.55,150.29,80.18,160.37,0.0,0.0,0.0,0.0,0.0,160.37
2022-09-28,151.42,195.43,152.08,212.72,342.73,139.62,0.0,342.73,0.0,0.0,0.0,0.0,0.0,79.09
2022-09-29,156.4,179.42,148.73,156.94,381.22,133.52,81.69,299.53,81.69,0.0,0.0,0.0,0.0,0.0
2022-09-30,153.44,257.43,199.33,237.71,154.67,202.25,77.33,0.0,0.0,0.0,77.33,0.0,77.33,0.0
2022-10-01,146.72,326.39,225.5,166.1,252.18,223.76,0.0,144.1,0.0,0.0,108.08,0.0,0.0,0.0
2022-10-02,89.13,113.84,98.81,134.16,77.59,100.19,0.0,77.59,0.0,0.0,0.0,0.0,0.0,0.0
2022-10-03,67.77,179.56,124.45,140.25,121.68,124.64,121.68,121.68,0.0,0.0,0.0,0.0,0.0,0.0
2022-10-04,133.61,207.83,170.99,131.09,284.32,163.58,0.0,284.32,0.0,0.0,0.0,0.0,0.0,0.0
2022-10-05,112.16,157.58,117.0,170.23,322.22,103.58,161.11,241.67,80.56,0.0,0.0,0.0,80.56,80.56
2022-10-06,170.02,206.9,182.65,263.9,457.9,164.66,305.27,457.9,152.63,0.0,0.0,0.0,0.0,0.0
2022-10-07,194.78,186.77,191.3,206.16,306.61,183.76,229.96,306.61,76.65,76.65,0.0,0.0,76.65,0.0
2022-10-08,193.98,241.98,209.38,152.94,341.18,200.76,0.0,227.45,0.0,0.0,113.73,0.0,113.73,0.0
2022-10-09,101.97,108.57,98.27,112.55,234.35,89.38,175.76,175.76,58.59,0.0,0.0,0.0,0.0,0.0
2022-10-10,50.8,235.0,179.12,323.49,112.26,183.49,0.0,112.26,0.0,0.0,0.0,0.0,0.0,0.0
2022-10-11,179.91,254.23,206.16,198.58,430.7,191.48,258.42,344.56,0.0,0.0,0.0,0.0,0.0,0.0
2022-10-12,188.61,206.9,170.16,190.59,152.63,171.31,76.32,152.63,0.0,0.0,0.0,0.0,0.0,0.0
2022-10-13,155.67,175.79,156.35,124.96,189.72,154.17,81.31,108.41,0.0,0.0,0.0,0.0,0.0,0.0
2022-10-14,154.18,184.57,168.26,151.94,474.55,148.24,237.27,316.37,79.09,0.0,0.0,0.0,0.0,0.0
2022-10-15,124.92,175.41,157.95,104.46,253.75,151.68,145.0,108.75,108.75,0.0,0.0,0.0,0.0,0.0
2022-10-16,59.72,88.31,78.96,82.39,61.27,80.11,0.0,61.27,61.27,0.0,0.0,0.0,0.0,0.0
2022-10-17,164.81,194.98,186.44,136.44,118.37,190.9,0.0,118.37,0.0,0.0,0.0,0.0,0.0,118.37
2022-10-18,109.65,175.02,148.82,115.27,225.0,143.84,75.0,150.0,75.0,0.0,0.0,0.0,0.0,0.0
2022-10-19,151.42,215.31,184.81,208.92,334.62,175.02,167.31,250.96,83.65,0.0,0.0,0.0,0.0,0.0
2022-10-20,129.99,209.95,160.9,244.22,397.26,145.45,158.91,317.81,79.45,79.45,79.45,0.0,0.0,0.0
2022-10-21,149.42,178.88,167.78,176.71,357.71,155.36,0.0,357.71,0.0,153.31,0.0,0.0,76.65,0.0
2022-10-22,154.24,200.28,183.5,166.1,216.15,181.36,0.0,216.15,0.0,0.0,0.0,0.0,0.0,108.08
2022-10-23,53.44,122.94,90.73,43.7,113.73,89.23,0.0,113.73,56.86,0.0,0.0,0.0,0.0,0.0
2022-10-24,144.04,192.98,156.27,142.68,106.1,159.55,0.0,106.1,0.0,0.0,0.0,0.0,0.0,0.0
2022-10-25,146.58,139.06,144.65,137.37,79.45,148.91,0.0,79.45,0.0,0.0,0.0,0.0,0.0,0.0
2022-10-26,148.81,175.02,158.02,172.9,300.0,148.74,0.0,300.0,150.0,0.0,0.0,0.0,75.0,0.0
2022-10-27,171.47,171.78,149.53,183.16,79.45,154.11,0.0,79.45,0.0,0.0,0.0,0.0,79.45,0.0
2022-10-28,191.98,154.62,171.61,179.07,155.36,172.68,0.0,155.36,0.0,0.0,77.68,0.0,0.0,77.68
2022-10-29,125.57,200.26,164.95,142.68,212.2,161.86,0.0,212.2,0.0,0.0,0.0,0.0,106.1,0.0
2022-10-30,64.69,94.69,81.79,32.45,112.62,79.77,0.0,112.62,0.0,0.0,0.0,0.0,56.31,0.0
2022-10-31,65.28,96.54,72.47,60.05,243.12,61.31,104.19,243.12,0.0,0.0,0.0,0.0,0.0,0.0
2022-11-01,116.16,119.97,126.77,167.9,238.36,119.48,0.0,238.36,0.0,0.0,0.0,0.0,0.0,0.0
2022-11-02,116.16,139.06,133.27,213.69,79.45,136.79,0.0,79.45,0.0,0.0,0.0,0.0,0.0,79.45
2022-11-03,172.72,160.95,152.94,156.69,135.94,154.05,0.0,135.94,0.0,0.0,0.0,0.0,0.0,0.0
2022-11-04,182.71,120.91,145.61,138.13,143.8,145.73,71.9,143.8,0.0,0.0,0.0,0.0,0.0,0.0
2022-11-05,177.2,123.87,142.0,106.68,92.55,145.23,0.0,92.55,0.0,0.0,0.0,0.0,0.0,0.0
2022-11-06,107.12,74.88,81.26,118.23,111.9,79.26,111.9,111.9,0.0,0.0,0.0,55.95,55.95,0.0
2022-11-07,99.29,84.84,87.53,146.13,0.0,93.25,0.0,0.0,0.0,0.0,0.0,0.0,0.0,0.0
2022-11-08,169.59,138.01,124.97,237.71,180.45,121.35,77.33,180.45,0.0,0.0,77.33,0.0,0.0,77.33
2022-11-09,106.75,109.82,92.74,192.11,133.33,90.08,66.67,133.33,66.67,0.0,0.0,0.0,0.0,0.0
2022-11-10,84.19,129.11,109.94,141.97,134.36,108.35,0.0,134.36,0.0,0.0,0.0,0.0,0.0,0.0
2022-11-11,134.31,140.2,153.21,116.27,226.96,148.39,0.0,226.96,0.0,0.0,0.0,0.0,0.0,0.0
2022-11-12,150.43,175.63,162.85,43.7,113.73,166.06,0.0,113.73,0.0,0.0,0.0,0.0,0.0,0.0
2022-11-13,87.46,120.72,104.08,48.27,0.0,110.89,0.0,0.0,0.0,0.0,0.0,0.0,0.0,0.0
2022-11-14,252.68,179.51,227.1,164.06,0.0,241.95,0.0,0.0,0.0,0.0,0.0,0.0,0.0,0.0
2022-11-15,122.77,185.6,157.13,165.63,78.38,162.27,0.0,78.38,0.0,0.0,0.0,0.0,0.0,0.0
2022-11-16,127.93,159.58,135.01,158.49,250.0,127.49,75.0,250.0,0.0,0.0,0.0,0.0,0.0,0.0
2022-11-17,103.68,161.39,139.49,105.4,391.89,122.99,0.0,391.89,0.0,0.0,0.0,0.0,0.0,0.0
2022-11-18,58.96,243.08,165.37,88.75,256.64,159.4,0.0,256.64,153.98,0.0,0.0,0.0,0.0,0.0
2022-11-19,63.56,176.93,129.63,61.9,214.82,124.06,0.0,214.82,0.0,0.0,0.0,0.0,0.0,0.0
2022-11-20,90.34,103.23,89.29,67.99,216.27,80.98,78.64,216.27,58.98,0.0,0.0,0.0,78.64,0.0
2022-11-21,114.69,212.0,176.92,158.24,0.0,188.48,0.0,0.0,0.0,0.0,0.0,0.0,0.0,0.0
2022-11-22,148.57,216.88,177.97,78.84,82.08,184.24,82.08,82.08,0.0,0.0,0.0,0.0,0.0,0.0
2022-11-23,48.57,177.45,129.28,78.84,82.08,132.37,0.0,82.08,0.0,0.0,0.0,0.0,0.0,0.0
2022-11-24,42.83,135.71,89.88,33.76,87.88,90.01,0.0,87.88,0.0,0.0,0.0,0.0,0.0,0.0
2022-11-25,110.8,214.82,158.44,101.91,106.1,161.86,0.0,106.1,0.0,0.0,0.0,0.0,0.0,0.0
2022-11-26,186.37,225.07,210.83,154.28,267.69,207.11,133.85,133.85,0.0,0.0,133.85,0.0,0.0,0.0
2022-11-27,48.36,95.36,66.32,101.68,66.16,66.33,0.0,66.16,0.0,0.0,0.0,0.0,0.0,0.0
2022-11-28,113.06,191.08,142.38,111.42,232.0,136.52,0.0,232.0,0.0,0.0,0.0,0.0,0.0,0.0
2022-11-29,167.09,191.2,159.56,82.33,85.71,164.39,0.0,85.71,0.0,0.0,0.0,0.0,0.0,0.0
2022-11-30,130.74,152.57,139.55,58.9,76.65,143.67,0.0,76.65,0.0,0.0,0.0,0.0,0.0,0.0
2022-12-01,121.68,109.3,111.23,59.69,155.36,108.35,0.0,155.36,77.68,0.0,0.0,0.0,77.68,0.0
2022-12-02,142.35,104.57,118.1,138.64,0.0,125.82,0.0,0.0,0.0,0.0,0.0,0.0,0.0,0.0
2022-12-03,141.84,105.82,132.91,190.41,440.51,112.8,110.13,440.51,0.0,0.0,0.0,0.0,110.13,0.0
2022-12-04,64.08,67.25,75.32,45.63,0.0,80.24,0.0,0.0,0.0,0.0,0.0,0.0,0.0,0.0
2022-12-05,95.23,146.47,138.79,84.09,255.35,131.17,0.0,255.35,0.0,0.0,0.0,0.0,0.0,0.0
2022-12-06,96.36,187.28,152.08,167.14,580.0,124.11,0.0,580.0,79.09,0.0,0.0,0.0,79.09,0.0
2022-12-07,120.12,156.21,144.18,197.46,171.31,142.4,0.0,171.31,0.0,0.0,0.0,0.0,0.0,0.0
2022-12-08,120.05,161.39,142.7,120.46,78.38,146.9,0.0,78.38,78.38,0.0,0.0,0.0,0.0,0.0
2022-12-09,92.95,147.81,126.87,99.29,172.28,123.9,86.14,172.28,86.14,0.0,0.0,0.0,0.0,0.0
2022-12-10,128.95,258.12,176.82,64.7,0.0,188.38,0.0,0.0,0.0,0.0,0.0,0.0,0.0,0.0
2022-12-11,57.58,117.75,83.97,11.77,61.27,85.46,0.0,61.27,0.0,0.0,0.0,0.0,0.0,0.0
2022-12-12,146.47,191.24,160.52,196.63,151.64,161.1,151.64,151.64,0.0,0.0,0.0,0.0,0.0,0.0
2022-12-13,130.81,159.8,138.7,141.24,81.69,142.43,0.0,81.69,0.0,0.0,0.0,0.0,0.0,81.69
2022-12-14,108.86,198.13,164.03,184.85,0.0,174.75,0.0,0.0,0.0,0.0,0.0,0.0,0.0,0.0
2022-12-15,104.54,148.53,139.12,67.87,206.09,134.75,0.0,206.09,88.33,0.0,0.0,0.0,88.33,0.0
2022-12-16,110.94,159.63,132.16,115.84,172.28,129.53,0.0,172.28,0.0,0.0,0.0,0.0,0.0,86.14
2022-12-17,139.2,211.41,192.34,207.62,360.25,181.36,0.0,252.18,108.08,0.0,0.0,0.0,0.0,0.0
2022-12-18,94.42,111.25,104.21,50.84,66.16,106.7,0.0,66.16,0.0,0.0,0.0,0.0,0.0,0.0
2022-12-19,106.19,158.98,134.06,130.24,225.98,128.05,112.99,112.99,0.0,0.0,0.0,112.99,0.0,0.0
2022-12-20,90.4,115.86,106.25,182.94,86.57,107.54,0.0,86.57,0.0,0.0,0.0,0.0,86.57,0.0
2022-12-21,110.65,226.8,160.86,241.06,0.0,171.37,0.0,0.0,0.0,0.0,0.0,0.0,0.0,0.0
2022-12-22,127.69,203.35,182.78,162.62,0.0,194.73,0.0,0.0,0.0,0.0,0.0,0.0,0.0,0.0
2022-12-23,141.76,203.28,151.46,88.9,0.0,161.37,0.0,0.0,0.0,0.0,0.0,0.0,0.0,0.0
2022-12-24,116.96,230.62,174.29,115.27,0.0,185.68,0.0,0.0,0.0,0.0,0.0,0.0,0.0,0.0
2022-12-25,53.36,134.16,97.22,58.9,76.65,98.56,0.0,76.65,76.65,0.0,0.0,0.0,0.0,0.0
2022-12-26,96.91,224.52,159.46,106.97,0.0,169.89,0.0,0.0,0.0,0.0,0.0,0.0,0.0,0.0
2022-12-27,148.33,215.29,181.6,90.96,0.0,193.47,0.0,0.0,0.0,0.0,0.0,0.0,0.0,0.0
2022-12-28,132.39,199.05,167.27,91.33,190.17,165.78,0.0,190.17,0.0,0.0,0.0,0.0,0.0,0.0
2022-12-29,142.3,230.22,190.83,80.55,0.0,203.31,0.0,0.0,0.0,0.0,0.0,0.0,0.0,0.0
2022-12-30,127.31,193.97,154.16,85.17,0.0,164.24,0.0,0.0,0.0,0.0,0.0,0.0,0.0,0.0
2022-12-31,92.54,265.39,187.86,139.28,483.34,168.54,241.67,241.67,120.83,0.0,0.0,0.0,120.83,0.0
2023-01-01,28.43,136.49,98.06,27.29,71.02,99.83,71.02,0.0,0.0,0.0,0.0,0.0,0.0,0.0
2023-01-02,72.11,161.13,132.77,132.65,0.0,141.45,0.0,0.0,0.0,0.0,0.0,0.0,0.0,0.0
2023-01-03,70.17,152.93,106.35,142.68,0.0,113.3,0.0,0.0,0.0,0.0,0.0,0.0,0.0,0.0
2023-01-04,72.18,120.66,99.59,69.28,0.0,106.1,0.0,0.0,0.0,0.0,0.0,0.0,0.0,0.0
2023-01-05,75.3,154.93,119.29,126.48,188.11,114.79,0.0,188.11,0.0,0.0,94.05,0.0,0.0,0.0
2023-01-06,52.67,121.16,96.29,96.89,84.06,97.09,84.06,0.0,0.0,0.0,0.0,0.0,0.0,0.0
2023-01-07,80.27,115.11,102.92,120.82,104.82,102.8,104.82,104.82,0.0,0.0,0.0,0.0,0.0,0.0
2023-01-08,65.06,95.1,73.82,24.76,64.44,74.44,0.0,64.44,0.0,0.0,0.0,0.0,64.44,0.0
2023-01-09,59.0,201.63,134.06,108.53,0.0,142.82,0.0,0.0,0.0,0.0,0.0,0.0,0.0,0.0
2023-01-10,88.15,131.76,120.32,172.63,0.0,128.18,0.0,0.0,0.0,0.0,0.0,0.0,0.0,0.0
2023-01-11,107.74,155.03,138.61,192.85,111.54,140.38,0.0,111.54,0.0,0.0,0.0,0.0,0.0,0.0
2023-01-12,62.12,82.68,83.97,102.85,0.0,89.45,0.0,0.0,0.0,0.0,0.0,0.0,0.0,0.0
2023-01-13,124.79,78.02,116.26,100.79,0.0,123.86,0.0,0.0,0.0,0.0,0.0,0.0,0.0,0.0
2023-01-14,92.59,136.92,117.89,106.46,0.0,125.6,0.0,0.0,0.0,0.0,0.0,0.0,0.0,0.0
2023-01-15,49.24,111.66,95.5,27.18,0.0,101.74,0.0,0.0,0.0,0.0,0.0,0.0,0.0,0.0
2023-01-16,26.14,189.02,128.04,96.19,0.0,136.41,0.0,0.0,0.0,0.0,0.0,0.0,0.0,0.0
2023-01-17,70.88,117.52,106.02,88.9,185.11,100.85,92.55,92.55,0.0,0.0,0.0,0.0,92.55,0.0
2023-01-18,154.58,133.73,135.33,52.23,0.0,144.18,0.0,0.0,0.0,0.0,0.0,0.0,0.0,0.0
2023-01-19,94.35,120.03,107.32,134.38,87.44,108.62,0.0,87.44,0.0,0.0,0.0,0.0,0.0,0.0
2023-01-20,115.92,88.57,93.67,127.95,0.0,99.79,0.0,0.0,0.0,0.0,0.0,0.0,0.0,0.0
2023-01-21,146.2,115.31,127.65,138.32,0.0,135.99,0.0,0.0,0.0,0.0,0.0,0.0,0.0,0.0
2023-01-22,103.96,82.44,86.33,24.95,0.0,91.97,0.0,0.0,0.0,0.0,0.0,0.0,0.0,0.0
2023-01-23,112.01,134.97,112.15,45.79,119.18,111.69,119.18,0.0,0.0,0.0,0.0,0.0,0.0,0.0
2023-01-24,77.04,86.43,85.86,43.98,76.32,86.49,0.0,76.32,0.0,0.0,0.0,0.0,0.0,0.0
2023-01-25,134.6,120.63,133.03,101.29,175.76,130.23,0.0,175.76,0.0,0.0,0.0,0.0,0.0,0.0
2023-01-26,93.41,207.96,161.15,83.15,115.42,164.14,0.0,115.42,0.0,0.0,0.0,0.0,0.0,0.0
2023-01-27,118.64,240.09,181.64,172.31,0.0,193.51,0.0,0.0,0.0,0.0,0.0,0.0,0.0,0.0
2023-01-28,212.38,283.06,221.88,173.65,0.0,236.39,0.0,0.0,0.0,0.0,0.0,0.0,0.0,0.0
2023-01-29,104.69,113.04,99.6,41.27,143.21,96.75,0.0,143.21,71.61,0.0,0.0,0.0,0.0,0.0
2023-01-30,130.08,176.34,138.55,134.61,0.0,147.61,0.0,0.0,0.0,0.0,0.0,0.0,0.0,0.0
2023-01-31,186.37,156.17,164.28,171.42,178.46,163.35,89.23,0.0,0.0,0.0,89.23,0.0,0.0,0.0
2023-02-01,126.71,142.41,128.08,111.89,0.0,136.45,0.0,0.0,0.0,0.0,0.0,0.0,0.0,0.0
2023-02-02,111.5,101.01,113.33,116.41,86.57,115.08,0.0,0.0,0.0,0.0,86.57,0.0,0.0,0.0
2023-02-03,223.3,200.88,223.08,169.45,240.55,221.93,80.18,160.37,80.18,0.0,0.0,0.0,0.0,0.0
2023-02-04,147.54,199.05,182.53,192.85,334.62,172.59,0.0,0.0,0.0,0.0,0.0,0.0,0.0,0.0
2023-02-05,85.85,171.62,130.32,92.12,159.84,128.39,0.0,91.34,0.0,0.0,0.0,0.0,0.0,0.0
2023-02-06,147.33,225.94,175.56,67.76,274.33,169.11,156.76,117.57,0.0,0.0,0.0,0.0,0.0,0.0
2023-02-07,124.24,220.48,175.23,154.28,178.46,175.02,0.0,178.46,0.0,0.0,0.0,0.0,0.0,0.0
2023-02-08,136.14,120.52,138.78,153.34,0.0,147.86,0.0,0.0,0.0,0.0,0.0,0.0,0.0,0.0
2023-02-09,101.87,146.57,127.81,167.14,316.37,115.49,79.09,237.27,0.0,0.0,0.0,0.0,0.0,0.0
2023-02-10,122.94,221.71,183.26,165.48,86.14,189.61,0.0,86.14,0.0,0.0,0.0,0.0,0.0,0.0
2023-02-11,92.0,200.31,157.69,148.1,110.13,160.8,0.0,110.13,0.0,0.0,0.0,0.0,0.0,0.0
2023-02-12,79.21,110.24,94.46,64.28,66.92,96.26,66.92,0.0,0.0,0.0,0.0,0.0,0.0,0.0
2023-02-13,97.07,172.25,139.18,107.14,0.0,148.28,0.0,0.0,0.0,0.0,0.0,0.0,0.0,0.0
2023-02-14,175.1,186.78,170.38,63.37,0.0,181.52,0.0,0.0,0.0,0.0,0.0,0.0,0.0,0.0
2023-02-15,133.72,134.42,138.68,101.29,75.33,142.82,0.0,0.0,0.0,75.33,0.0,75.33,0.0,0.0
2023-02-16,69.46,134.22,112.66,107.34,79.82,114.81,0.0,79.82,0.0,0.0,0.0,0.0,79.82,0.0
2023-02-17,121.75,150.03,141.3,117.58,349.75,127.67,0.0,349.75,0.0,0.0,0.0,0.0,0.0,0.0
2023-02-18,117.35,115.7,120.13,83.57,326.25,106.65,108.75,217.5,0.0,0.0,0.0,0.0,0.0,0.0
2023-02-19,114.41,134.91,104.15,123.8,0.0,110.95,0.0,0.0,0.0,0.0,0.0,0.0,0.0,0.0
2023-02-20,153.5,245.4,197.47,160.27,0.0,210.38,0.0,0.0,0.0,0.0,0.0,0.0,0.0,0.0
2023-02-21,232.71,264.0,230.42,158.34,91.58,239.5,0.0,91.58,0.0,0.0,0.0,0.0,0.0,0.0
2023-02-22,191.71,164.35,171.44,138.0,79.82,177.43,0.0,79.82,0.0,0.0,0.0,0.0,79.82,0.0
2023-02-23,257.81,238.85,233.64,102.85,89.23,243.08,0.0,89.23,0.0,0.0,0.0,0.0,89.23,0.0
2023-02-24,169.96,313.8,225.19,136.44,207.14,226.37,118.37,118.37,0.0,0.0,88.78,0.0,0.0,0.0
2023-02-25,133.67,292.39,220.93,92.21,440.0,206.6,120.0,320.0,0.0,0.0,0.0,0.0,0.0,0.0
2023-02-26,83.04,120.39,90.42,80.87,233.87,81.04,70.16,163.71,0.0,0.0,0.0,0.0,0.0,0.0
2023-02-27,142.28,176.34,160.05,157.04,389.26,145.07,116.78,272.49,0.0,0.0,0.0,0.0,116.78,0.0
2023-02-28,114.34,118.82,119.86,102.33,177.55,116.08,0.0,177.55,0.0,0.0,0.0,0.0,88.78,0.0
2023-03-01,187.05,149.28,177.97,114.7,255.88,172.88,170.59,85.29,0.0,0.0,0.0,0.0,0.0,0.0
2023-03-02,129.58,118.83,146.98,149.67,0.0,156.59,0.0,0.0,0.0,0.0,0.0,0.0,0.0,0.0
2023-03-03,163.7,206.58,184.7,162.62,0.0,196.78,0.0,0.0,0.0,0.0,0.0,0.0,0.0,0.0
2023-03-04,186.06,187.34,146.56,196.63,227.45,141.27,113.73,227.45,0.0,0.0,0.0,0.0,113.73,0.0
2023-03-05,52.18,107.35,75.99,62.6,0.0,80.96,0.0,0.0,0.0,0.0,0.0,0.0,0.0,0.0
2023-03-06,78.66,135.71,108.63,217.06,0.0,115.73,0.0,0.0,0.0,0.0,0.0,0.0,0.0,0.0
2023-03-07,123.89,166.25,151.68,151.94,0.0,161.6,0.0,0.0,0.0,0.0,0.0,0.0,0.0,0.0
2023-03-08,156.93,190.0,179.59,167.14,0.0,191.33,0.0,0.0,0.0,0.0,0.0,0.0,0.0,0.0
2023-03-09,145.48,134.65,132.6,131.09,0.0,141.27,0.0,0.0,0.0,0.0,0.0,0.0,0.0,0.0
2023-03-10,149.14,120.03,135.94,83.99,87.44,139.11,87.44,0.0,0.0,0.0,0.0,0.0,0.0,0.0
2023-03-11,141.45,128.72,149.2,100.08,416.77,131.7,416.77,0.0,0.0,0.0,0.0,0.0,0.0,0.0
2023-03-12,53.51,52.75,62.89,94.49,0.0,67.0,0.0,0.0,0.0,0.0,0.0,0.0,0.0,0.0
2023-03-13,112.86,126.1,132.65,186.86,144.1,131.9,0.0,144.1,0.0,0.0,0.0,0.0,0.0,0.0
2023-03-14,83.45,114.12,104.41,74.28,0.0,111.24,0.0,0.0,0.0,0.0,0.0,0.0,0.0,0.0
2023-03-15,96.8,100.89,97.52,45.79,79.45,98.7,0.0,79.45,0.0,0.0,0.0,0.0,0.0,0.0
2023-03-16,149.39,125.85,124.5,164.89,156.06,122.44,0.0,156.06,78.03,0.0,0.0,0.0,0.0,0.0
2023-03-17,155.56,159.89,149.77,91.33,0.0,159.56,0.0,0.0,0.0,0.0,0.0,0.0,0.0,0.0
2023-03-18,115.56,113.93,124.11,87.97,0.0,132.22,0.0,0.0,0.0,0.0,0.0,0.0,0.0,0.0
2023-03-19,33.78,54.72,52.47,26.64,0.0,55.9,0.0,0.0,0.0,0.0,0.0,0.0,0.0,0.0
2023-03-20,152.48,167.03,174.24,116.88,121.68,177.67,0.0,121.68,0.0,0.0,0.0,0.0,0.0,0.0
2023-03-21,160.43,122.66,128.91,144.55,94.05,131.19,0.0,94.05,0.0,0.0,0.0,0.0,94.05,0.0
2023-03-22,175.85,112.36,151.18,125.8,374.2,136.6,0.0,374.2,0.0,0.0,0.0,0.0,0.0,0.0
2023-03-23,151.42,90.87,121.87,72.67,126.09,121.59,0.0,126.09,0.0,0.0,0.0,0.0,126.09,0.0
2023-03-24,171.72,129.28,168.8,137.84,89.69,173.97,89.69,0.0,0.0,0.0,0.0,0.0,0.0,0.0
2023-03-25,269.2,170.02,207.63,301.77,241.67,205.41,241.67,0.0,0.0,0.0,0.0,0.0,0.0,0.0
2023-03-26,116.29,57.33,95.39,40.11,92.8,95.56,0.0,92.8,0.0,0.0,0.0,0.0,92.8,0.0
2023-03-27,103.19,106.16,116.01,74.28,128.89,115.17,0.0,128.89,0.0,0.0,0.0,0.0,0.0,0.0
2023-03-28,189.08,72.67,122.41,35.37,276.19,112.36,92.06,184.13,0.0,0.0,0.0,0.0,0.0,0.0
2023-03-29,107.26,93.3,105.67,52.23,0.0,112.58,0.0,0.0,0.0,0.0,0.0,0.0,0.0,0.0
2023-03-30,176.94,90.58,139.98,187.79,0.0,149.13,0.0,0.0,0.0,0.0,0.0,0.0,0.0,0.0
2023-03-31,89.73,167.45,141.25,141.49,0.0,150.48,0.0,0.0,0.0,0.0,0.0,0.0,0.0,0.0
2023-04-01,152.37,108.91,132.08,126.14,218.87,126.4,218.87,0.0,0.0,0.0,0.0,0.0,0.0,0.0
2023-04-02,51.65,34.72,51.05,51.83,0.0,54.38,0.0,0.0,0.0,0.0,0.0,0.0,0.0,0.0
2023-04-03,124.35,142.36,141.43,44.27,115.23,143.15,115.23,115.23,0.0,0.0,0.0,0.0,0.0,0.0
2023-04-04,137.34,204.83,144.86,97.17,303.49,134.49,0.0,303.49,0.0,0.0,0.0,0.0,101.16,0.0
2023-04-05,106.89,134.12,118.01,89.38,93.05,119.64,0.0,93.05,0.0,0.0,0.0,0.0,0.0,0.0
2023-04-06,153.78,114.48,143.85,103.92,0.0,153.26,0.0,0.0,0.0,0.0,0.0,0.0,0.0,0.0
2023-04-07,191.8,155.92,179.95,185.71,193.33,179.07,96.67,96.67,0.0,0.0,0.0,0.0,96.67,0.0
2023-04-08,108.71,195.22,132.34,107.14,334.62,119.11,223.08,111.54,0.0,0.0,0.0,0.0,223.08,0.0
2023-04-09,125.66,96.63,103.38,55.48,72.2,105.42,72.2,0.0,0.0,0.0,0.0,0.0,0.0,0.0
2023-04-10,120.21,132.19,124.99,127.59,0.0,133.16,0.0,0.0,0.0,0.0,0.0,0.0,0.0,0.0
2023-04-11,132.28,161.3,155.47,76.84,100.0,159.09,0.0,100.0,0.0,0.0,0.0,0.0,0.0,0.0
2023-04-12,171.55,155.32,166.65,96.61,201.16,164.4,100.58,100.58,0.0,0.0,0.0,0.0,0.0,0.0
2023-04-13,182.4,91.61,137.52,94.96,98.86,140.05,0.0,98.86,0.0,0.0,0.0,0.0,0.0,0.0
2023-04-14,138.08,167.07,154.92,155.88,0.0,165.05,0.0,0.0,0.0,0.0,0.0,0.0,0.0,0.0
2023-04-15,186.37,108.57,139.39,210.38,121.68,140.55,0.0,121.68,0.0,0.0,0.0,0.0,0.0,0.0
2023-04-16,70.43,113.41,95.19,51.83,0.0,101.42,0.0,0.0,0.0,0.0,0.0,0.0,0.0,0.0
2023-04-17,62.99,176.75,142.38,133.71,278.4,133.48,0.0,139.2,0.0,0.0,278.4,0.0,0.0,0.0
2023-04-18,128.06,197.91,178.99,95.51,530.29,156.02,0.0,198.86,0.0,0.0,331.43,0.0,99.43,0.0
2023-04-19,141.96,192.83,159.43,139.28,0.0,169.85,0.0,0.0,0.0,0.0,0.0,0.0,0.0,0.0
2023-04-20,111.32,61.33,96.2,90.34,0.0,102.49,0.0,0.0,0.0,0.0,0.0,0.0,0.0,0.0
2023-04-21,102.08,144.25,127.98,206.57,97.75,129.95,0.0,97.75,0.0,0.0,0.0,0.0,0.0,0.0
2023-04-22,103.1,173.64,148.94,142.24,0.0,158.68,0.0,0.0,0.0,0.0,0.0,0.0,0.0,0.0
2023-04-23,47.22,78.94,71.19,67.99,58.98,71.99,0.0,58.98,0.0,0.0,0.0,0.0,0.0,0.0
2023-04-24,108.83,181.94,155.72,156.69,0.0,165.9,0.0,0.0,0.0,0.0,0.0,0.0,0.0,0.0
2023-04-25,189.28,145.55,169.07,125.35,253.75,163.53,0.0,145.0,0.0,0.0,108.75,0.0,0.0,0.0
2023-04-26,123.03,130.62,140.89,156.69,90.63,144.18,0.0,90.63,0.0,0.0,0.0,0.0,0.0,0.0
2023-04-27,140.5,84.65,127.51,86.15,179.38,124.12,89.69,89.69,0.0,0.0,0.0,0.0,0.0,0.0
2023-04-28,179.34,170.13,180.95,168.07,291.62,173.72,0.0,194.41,97.21,0.0,97.21,0.0,97.21,0.0
2023-04-29,109.76,160.31,129.0,44.87,0.0,137.43,0.0,0.0,0.0,0.0,0.0,0.0,0.0,0.0
2023-04-30,77.09,95.54,78.95,85.09,63.27,79.98,0.0,63.27,0.0,0.0,0.0,0.0,0.0,0.0
2023-05-01,148.15,141.77,128.04,120.24,584.18,98.21,0.0,292.09,0.0,125.18,166.91,125.18,0.0,0.0
2023-05-02,111.1,45.93,84.25,59.34,0.0,89.75,0.0,0.0,0.0,0.0,0.0,0.0,0.0,0.0
2023-05-03,122.43,142.93,119.28,124.46,92.55,121.02,0.0,92.55,0.0,0.0,0.0,0.0,0.0,0.0
2023-05-04,113.15,98.43,101.7,110.2,191.21,95.84,0.0,95.61,0.0,0.0,95.61,0.0,0.0,0.0
2023-05-05,84.51,72.91,74.5,58.3,101.16,72.76,0.0,101.16,0.0,0.0,0.0,0.0,0.0,0.0
2023-05-06,121.14,95.54,113.9,111.42,232.0,106.18,116.0,116.0,0.0,0.0,0.0,0.0,0.0,0.0
2023-05-07,32.61,64.31,56.13,38.57,66.92,55.42,0.0,66.92,0.0,0.0,0.0,0.0,0.0,0.0
2023-05-08,102.5,101.05,104.04,102.85,0.0,110.85,0.0,0.0,0.0,0.0,0.0,0.0,0.0,0.0
2023-05-09,100.95,170.61,146.19,59.69,0.0,155.75,0.0,0.0,0.0,0.0,0.0,0.0,0.0,0.0
2023-05-10,148.2,168.34,138.21,88.9,0.0,147.25,0.0,0.0,0.0,0.0,0.0,0.0,0.0,0.0
2023-05-11,95.95,138.94,123.35,115.84,0.0,131.41,0.0,0.0,0.0,0.0,0.0,0.0,0.0,0.0
2023-05-12,125.09,64.91,108.33,127.17,0.0,115.41,0.0,0.0,0.0,0.0,0.0,0.0,0.0,0.0
2023-05-13,164.46,174.0,157.93,132.82,115.23,160.73,115.23,115.23,0.0,0.0,0.0,0.0,0.0,0.0
2023-05-14,67.3,79.62,71.19,86.66,214.82,61.8,0.0,150.37,0.0,0.0,64.44,0.0,0.0,0.0
2023-05-15,144.43,137.8,142.38,102.85,0.0,151.68,0.0,0.0,0.0,0.0,0.0,0.0,0.0,0.0
2023-05-16,85.07,107.35,99.98,131.46,0.0,106.52,0.0,0.0,0.0,0.0,0.0,0.0,0.0,0.0
2023-05-17,99.94,155.26,135.26,167.14,0.0,144.1,0.0,0.0,0.0,0.0,0.0,0.0,0.0,0.0
2023-05-18,120.5,146.94,154.68,87.51,121.47,156.85,0.0,121.47,0.0,0.0,0.0,0.0,0.0,0.0
2023-05-19,143.05,195.04,157.4,151.18,378.9,142.92,0.0,204.02,0.0,0.0,87.44,0.0,87.44,0.0
2023-05-20,245.66,187.91,233.97,187.01,243.36,233.36,243.36,121.68,0.0,0.0,0.0,0.0,0.0,0.0
2023-05-21,89.64,95.54,76.88,13.37,0.0,81.91,0.0,0.0,0.0,0.0,0.0,0.0,0.0,0.0
2023-05-22,153.56,151.39,147.89,117.7,0.0,157.56,0.0,0.0,0.0,0.0,0.0,0.0,0.0,0.0
2023-05-23,140.04,179.49,168.71,231.87,0.0,179.74,0.0,0.0,0.0,0.0,0.0,0.0,0.0,0.0
2023-05-24,93.93,108.57,102.78,89.38,93.05,103.42,93.05,0.0,0.0,0.0,0.0,0.0,0.0,0.0
2023-05-25,166.97,106.52,132.76,108.41,188.11,129.14,0.0,188.11,0.0,0.0,0.0,0.0,0.0,0.0
2023-05-26,88.88,136.3,110.26,72.67,94.57,111.29,0.0,94.57,0.0,0.0,0.0,0.0,0.0,0.0
2023-05-27,125.46,136.49,124.58,167.14,0.0,132.72,0.0,0.0,0.0,0.0,0.0,0.0,0.0,0.0
2023-05-28,49.91,64.86,54.66,37.56,0.0,58.23,0.0,0.0,0.0,0.0,0.0,0.0,0.0,0.0
2023-05-29,103.71,163.6,129.21,91.58,0.0,137.66,0.0,0.0,0.0,0.0,0.0,0.0,0.0,0.0
2023-05-30,67.3,82.94,88.98,116.07,0.0,94.8,0.0,0.0,0.0,0.0,0.0,0.0,0.0,0.0
2023-05-31,137.66,127.96,124.81,173.65,376.63,108.35,112.99,376.63,0.0,0.0,0.0,0.0,0.0,0.0
2023-06-01,151.42,102.84,122.6,167.14,290.0,111.66,96.67,193.33,0.0,0.0,0.0,0.0,0.0,0.0
2023-06-02,148.06,172.51,160.17,148.57,96.67,164.32,0.0,96.67,0.0,0.0,0.0,0.0,0.0,0.0
2023-06-03,136.49,189.23,160.42,94.16,245.07,154.89,0.0,245.07,0.0,0.0,0.0,0.0,245.07,0.0
2023-06-04,57.68,65.62,69.1,36.73,0.0,73.62,0.0,0.0,0.0,0.0,0.0,0.0,0.0,0.0
2023-06-05,137.88,150.5,150.48,81.53,0.0,160.32,0.0,0.0,0.0,0.0,0.0,0.0,0.0,0.0
2023-06-06,107.08,148.46,117.99,203.15,0.0,125.71,0.0,0.0,0.0,0.0,0.0,0.0,0.0,0.0
2023-06-07,129.56,169.24,133.24,125.13,0.0,141.95,0.0,0.0,0.0,0.0,0.0,0.0,0.0,0.0
2023-06-08,116.48,121.4,121.25,91.83,0.0,129.18,0.0,0.0,0.0,0.0,0.0,0.0,0.0,0.0
2023-06-09,71.26,134.12,114.21,143.0,93.05,115.59,93.05,0.0,0.0,0.0,0.0,0.0,0.0,0.0
2023-06-10,72.68,143.31,102.04,200.56,0.0,108.71,0.0,0.0,0.0,0.0,0.0,0.0,0.0,0.0
2023-06-11,70.26,74.04,72.61,80.23,92.8,71.29,92.8,0.0,0.0,0.0,92.8,0.0,0.0,0.0
2023-06-12,103.19,115.0,113.37,24.76,171.85,109.55,0.0,171.85,0.0,0.0,0.0,0.0,0.0,0.0
2023-06-13,89.99,85.31,91.53,76.41,99.43,91.01,0.0,99.43,0.0,0.0,0.0,0.0,0.0,0.0
2023-06-14,120.5,115.68,111.81,87.51,91.1,113.17,0.0,91.1,0.0,0.0,0.0,0.0,0.0,0.0
2023-06-15,133.04,131.16,133.73,193.22,301.74,122.75,100.58,301.74,0.0,0.0,0.0,0.0,0.0,0.0
2023-06-16,87.83,155.26,126.36,167.14,87.0,128.93,0.0,87.0,0.0,0.0,0.0,0.0,87.0,0.0
2023-06-17,113.0,129.23,111.56,124.73,0.0,118.86,0.0,0.0,0.0,0.0,0.0,0.0,0.0,0.0
2023-06-18,55.06,56.65,53.46,105.7,68.78,52.46,0.0,68.78,0.0,0.0,0.0,0.0,0.0,0.0
2023-06-19,113.0,129.23,135.47,49.89,0.0,144.33,0.0,0.0,0.0,0.0,0.0,0.0,0.0,0.0
2023-06-20,93.78,84.75,105.63,86.26,0.0,112.54,0.0,0.0,0.0,0.0,0.0,0.0,0.0,0.0
2023-06-21,110.45,101.86,115.16,157.31,102.35,115.99,0.0,102.35,0.0,0.0,0.0,0.0,0.0,0.0
2023-06-22,123.97,157.14,143.62,234.58,101.76,146.36,0.0,101.76,0.0,0.0,0.0,0.0,0.0,0.0
2023-06-23,148.64,150.2,155.04,61.52,213.5,151.22,0.0,213.5,0.0,0.0,0.0,0.0,0.0,0.0
2023-06-24,178.14,230.27,197.74,174.78,113.73,203.24,0.0,113.73,0.0,0.0,0.0,0.0,0.0,0.0
2023-06-25,87.17,121.19,109.01,148.02,64.21,111.94,0.0,64.21,0.0,0.0,0.0,0.0,0.0,0.0
2023-06-26,172.42,209.22,176.67,219.6,127.01,179.92,0.0,127.01,0.0,0.0,0.0,0.0,0.0,0.0
2023-06-27,176.66,216.82,175.85,119.38,310.72,167.03,0.0,310.72,0.0,0.0,0.0,0.0,0.0,0.0
2023-06-28,149.83,185.43,148.0,52.78,0.0,157.67,0.0,0.0,0.0,0.0,0.0,0.0,0.0,0.0
2023-06-29,82.02,96.41,77.86,87.05,0.0,82.95,0.0,0.0,0.0,0.0,0.0,0.0,0.0,0.0
2023-06-30,92.94,104.26,101.7,141.49,92.06,102.33,0.0,92.06,0.0,0.0,0.0,0.0,0.0,0.0
2023-07-01,65.93,162.49,125.91,204.66,0.0,134.14,0.0,0.0,0.0,0.0,0.0,0.0,0.0,0.0
2023-07-02,74.51,101.89,74.86,92.85,69.05,75.24,0.0,69.05,0.0,0.0,0.0,0.0,0.0,0.0
2023-07-03,100.95,203.78,163.85,79.59,0.0,174.56,0.0,0.0,0.0,0.0,0.0,0.0,0.0,0.0
2023-07-04,105.18,121.57,127.88,80.07,0.0,136.24,0.0,0.0,0.0,0.0,0.0,0.0,0.0,0.0
2023-07-05,137.66,190.0,166.41,86.82,225.98,162.52,0.0,225.98,0.0,0.0,0.0,0.0,0.0,0.0
2023-07-06,177.28,109.23,158.44,264.97,0.0,168.8,0.0,0.0,0.0,0.0,0.0,0.0,0.0,0.0
2023-07-07,175.85,173.36,167.64,150.96,112.26,171.26,0.0,0.0,0.0,112.26,0.0,0.0,0.0,0.0
2023-07-08,193.82,191.08,194.58,155.99,0.0,207.3,0.0,0.0,0.0,0.0,0.0,0.0,0.0,0.0
2023-07-09,58.05,89.57,77.12,69.64,72.5,77.42,0.0,72.5,0.0,0.0,0.0,0.0,0.0,0.0
2023-07-10,206.59,134.24,165.55,103.65,0.0,176.38,0.0,0.0,0.0,0.0,0.0,0.0,0.0,0.0
2023-07-11,174.58,105.38,138.19,176.97,0.0,147.22,0.0,0.0,0.0,0.0,0.0,0.0,0.0,0.0
2023-07-12,166.73,117.41,135.98,187.79,130.34,136.35,0.0,130.34,0.0,0.0,0.0,0.0,0.0,0.0
2023-07-13,183.54,101.33,146.69,121.55,210.91,142.49,0.0,210.91,0.0,0.0,0.0,0.0,0.0,0.0
2023-07-14,199.64,156.79,176.98,205.42,194.41,175.84,0.0,97.21,0.0,0.0,0.0,97.21,0.0,0.0
2023-07-15,146.05,105.88,111.07,47.41,123.41,110.27,0.0,123.41,0.0,0.0,0.0,0.0,0.0,0.0
2023-07-16,65.48,41.5,59.09,38.72,67.18,58.57,67.18,67.18,0.0,0.0,0.0,0.0,0.0,0.0
2023-07-17,89.21,64.81,91.05,129.56,134.88,88.19,0.0,134.88,0.0,0.0,0.0,0.0,0.0,0.0
2023-07-18,127.51,136.19,133.22,195.48,0.0,141.93,0.0,0.0,0.0,0.0,0.0,0.0,0.0,0.0
2023-07-19,149.92,85.73,112.77,132.39,86.14,114.51,0.0,86.14,0.0,0.0,86.14,0.0,0.0,0.0
2023-07-20,170.46,118.0,140.67,180.15,243.12,133.97,0.0,243.12,104.19,0.0,0.0,0.0,0.0,138.92
2023-07-21,107.29,133.08,111.87,57.3,99.43,112.68,99.43,99.43,0.0,0.0,0.0,0.0,0.0,0.0
2023-07-22,72.68,123.41,104.41,66.85,0.0,111.24,0.0,0.0,0.0,0.0,0.0,0.0,0.0,0.0
2023-07-23,66.75,63.37,61.02,54.58,0.0,65.01,0.0,0.0,0.0,0.0,0.0,0.0,0.0,0.0
2023-07-24,43.89,112.5,85.12,145.34,0.0,90.68,0.0,0.0,0.0,0.0,0.0,0.0,0.0,0.0
2023-07-25,90.67,96.54,91.65,40.03,0.0,97.64,0.0,0.0,0.0,0.0,0.0,0.0,0.0,0.0
2023-07-26,90.69,111.76,104.69,35.75,93.05,105.45,0.0,93.05,0.0,0.0,0.0,0.0,0.0,0.0
2023-07-27,119.04,158.78,141.96,193.22,100.58,144.67,0.0,100.58,0.0,0.0,100.58,0.0,0.0,0.0
2023-07-28,73.52,148.42,113.16,135.26,0.0,120.56,0.0,0.0,0.0,0.0,0.0,0.0,0.0,0.0
2023-07-29,143.01,124.4,126.06,92.85,0.0,134.3,0.0,0.0,0.0,0.0,0.0,0.0,0.0,0.0
2023-07-30,76.02,89.45,95.11,13.53,0.0,101.33,0.0,0.0,0.0,0.0,0.0,0.0,0.0,0.0
2023-07-31,104.26,185.99,154.63,164.4,285.25,146.09,0.0,142.62,0.0,0.0,142.62,0.0,0.0,0.0
2023-08-01,94.13,129.11,117.84,90.34,0.0,125.55,0.0,0.0,0.0,0.0,0.0,0.0,0.0,0.0
2023-08-02,97.04,118.77,108.16,110.81,128.18,106.85,0.0,128.18,0.0,0.0,0.0,0.0,0.0,0.0
2023-08-03,42.33,77.05,59.32,35.94,0.0,63.2,0.0,0.0,0.0,0.0,0.0,0.0,0.0,0.0
2023-08-04,80.5,147.39,112.64,126.94,256.96,103.2,110.13,0.0,0.0,0.0,146.84,0.0,0.0,0.0
2023-08-05,38.94,162.08,104.24,0.0,372.86,86.68,0.0,248.57,0.0,0.0,124.29,0.0,0.0,0.0
2023-08-06,44.15,71.38,51.89,38.98,219.83,40.91,50.73,118.37,0.0,0.0,101.46,0.0,0.0,0.0
2023-08-07,54.61,151.73,113.78,82.2,190.17,108.79,0.0,190.17,0.0,0.0,0.0,0.0,0.0,0.0
2023-08-08,122.62,142.87,124.47,102.54,106.75,125.63,106.75,106.75,0.0,0.0,0.0,0.0,0.0,0.0
2023-08-09,130.77,101.78,113.25,94.96,98.86,114.19,98.86,98.86,0.0,0.0,0.0,0.0,98.86,0.0
2023-08-10,87.57,129.5,120.08,40.27,419.28,100.51,0.0,104.82,0.0,0.0,104.82,209.64,0.0,0.0
2023-08-11,137.49,194.16,155.04,164.06,0.0,165.18,0.0,0.0,0.0,0.0,0.0,0.0,0.0,0.0
2023-08-12,136.62,184.08,149.87,201.07,130.83,151.11,130.83,0.0,0.0,0.0,0.0,0.0,0.0,0.0
2023-08-13,34.67,48.25,40.75,67.53,58.59,39.58,58.59,0.0,0.0,0.0,0.0,0.0,0.0,0.0
2023-08-14,141.96,135.29,122.35,104.46,135.94,121.47,0.0,0.0,0.0,0.0,0.0,135.94,0.0,0.0
2023-08-15,68.91,96.54,66.07,120.1,104.19,63.58,0.0,104.19,0.0,0.0,0.0,0.0,0.0,0.0
2023-08-16,73.86,120.16,97.67,122.3,106.1,97.12,0.0,106.1,0.0,0.0,0.0,0.0,0.0,0.0
2023-08-17,90.85,108.23,95.66,62.68,0.0,101.91,0.0,0.0,0.0,0.0,0.0,0.0,0.0,0.0
2023-08-18,174.05,175.02,184.11,134.48,100.0,189.61,0.0,0.0,0.0,0.0,100.0,0.0,0.0,0.0
2023-08-19,171.07,150.42,168.46,229.65,132.83,170.79,0.0,132.83,0.0,0.0,0.0,0.0,0.0,0.0
2023-08-20,34.21,65.47,53.21,44.42,0.0,56.69,0.0,0.0,0.0,0.0,0.0,0.0,0.0,0.0
2023-08-21,122.08,115.72,107.61,103.65,404.65,88.19,134.88,269.77,0.0,0.0,0.0,134.88,0.0,0.0
2023-08-22,158.63,85.31,137.71,59.69,103.57,139.95,103.57,0.0,0.0,0.0,0.0,0.0,0.0,0.0
2023-08-23,127.0,96.31,109.08,125.8,0.0,116.21,0.0,0.0,0.0,0.0,0.0,0.0,0.0,0.0
2023-08-24,118.09,184.02,145.51,63.07,218.87,140.71,109.43,109.43,0.0,0.0,0.0,0.0,0.0,0.0
2023-08-25,119.64,140.07,147.21,41.27,0.0,156.83,0.0,0.0,0.0,0.0,0.0,0.0,0.0,0.0
2023-08-26,152.61,216.29,176.57,184.25,274.02,170.2,137.01,274.02,0.0,0.0,137.01,0.0,137.01,0.0
2023-08-27,74.45,67.45,69.77,55.53,57.81,70.55,0.0,0.0,57.81,0.0,0.0,0.0,57.81,0.0
2023-08-28,88.64,160.21,130.22,81.53,141.46,129.49,0.0,0.0,0.0,0.0,141.46,0.0,0.0,0.0
2023-08-29,132.23,159.8,142.88,117.7,122.54,144.21,0.0,122.54,0.0,0.0,0.0,0.0,0.0,0.0
2023-08-30,90.21,79.41,83.3,71.12,0.0,88.75,0.0,0.0,0.0,0.0,0.0,0.0,0.0,0.0
2023-08-31,54.73,93.53,87.91,100.68,663.86,50.26,104.82,349.4,0.0,0.0,314.46,0.0,0.0,0.0
2023-09-01,91.42,90.13,100.74,126.14,0.0,107.32,0.0,0.0,0.0,0.0,0.0,0.0,0.0,0.0
2023-09-02,132.23,100.92,117.81,94.16,0.0,125.51,0.0,0.0,0.0,0.0,0.0,0.0,0.0,0.0
2023-09-03,43.69,66.57,50.18,21.92,57.05,49.73,0.0,57.05,0.0,0.0,0.0,0.0,0.0,0.0
2023-09-04,97.84,156.17,128.69,51.43,0.0,137.1,0.0,0.0,0.0,0.0,0.0,0.0,0.0,0.0
2023-09-05,164.84,68.03,123.9,21.16,220.25,117.6,220.25,0.0,110.13,0.0,0.0,0.0,0.0,0.0
2023-09-06,118.5,120.08,137.35,54.5,0.0,146.33,0.0,0.0,0.0,0.0,0.0,0.0,0.0,0.0
2023-09-07,96.51,104.99,99.74,73.47,95.61,100.01,0.0,0.0,0.0,0.0,0.0,95.61,0.0,0.0
2023-09-08,132.01,111.01,111.8,107.14,223.08,104.53,111.54,111.54,111.54,0.0,0.0,0.0,111.54,0.0
2023-09-09,183.41,126.16,145.38,23.54,245.07,138.87,0.0,245.07,0.0,0.0,0.0,0.0,122.54,0.0
2023-09-10,47.38,48.75,43.58,11.37,59.18,42.56,0.0,59.18,0.0,0.0,0.0,0.0,59.18,0.0
2023-09-11,84.0,117.68,111.72,73.2,127.01,110.72,0.0,127.01,0.0,0.0,0.0,0.0,0.0,0.0
2023-09-12,113.57,130.62,120.13,125.35,108.75,120.87,0.0,108.75,0.0,0.0,0.0,0.0,0.0,0.0
2023-09-13,89.62,85.31,90.8,102.33,0.0,96.74,0.0,0.0,0.0,0.0,0.0,0.0,0.0,0.0
2023-09-14,174.47,74.64,121.87,127.17,0.0,129.84,0.0,0.0,0.0,0.0,0.0,0.0,0.0,0.0
2023-09-15,108.81,110.85,106.57,40.03,0.0,113.54,0.0,0.0,0.0,0.0,0.0,0.0,0.0,0.0
2023-09-16,92.66,98.04,99.61,74.84,0.0,106.12,0.0,0.0,0.0,0.0,0.0,0.0,0.0,0.0
2023-09-17,45.14,85.31,59.69,62.29,0.0,63.59,0.0,0.0,0.0,0.0,0.0,0.0,0.0,0.0
2023-09-18,150.17,177.66,150.02,55.25,431.41,131.63,0.0,287.61,0.0,0.0,143.8,0.0,143.8,0.0
2023-09-19,194.93,161.3,169.79,192.11,100.0,174.35,100.0,100.0,0.0,100.0,0.0,0.0,0.0,0.0
2023-09-20,169.73,200.14,168.19,183.67,223.08,164.6,0.0,127.47,0.0,0.0,223.08,0.0,0.0,0.0
2023-09-21,169.85,167.45,133.71,212.24,368.26,118.38,0.0,184.13,0.0,0.0,0.0,0.0,184.13,0.0
2023-09-22,144.21,184.83,141.95,139.28,103.57,144.46,103.57,0.0,0.0,0.0,0.0,0.0,0.0,0.0
2023-09-23,178.95,122.14,148.31,75.97,131.82,149.39,0.0,0.0,0.0,131.82,0.0,0.0,0.0,0.0
2023-09-24,73.0,101.14,91.59,76.22,0.0,97.58,0.0,0.0,0.0,0.0,0.0,0.0,0.0,0.0
2023-09-25,125.62,163.66,129.19,99.04,128.89,129.21,0.0,128.89,0.0,0.0,0.0,0.0,128.89,0.0
2023-09-26,159.78,135.55,139.76,41.02,0.0,148.89,0.0,0.0,0.0,0.0,0.0,0.0,0.0,0.0
2023-09-27,139.24,144.14,130.92,115.27,0.0,139.48,0.0,0.0,0.0,0.0,0.0,0.0,0.0,0.0
2023-09-28,121.81,113.42,115.33,74.7,0.0,122.87,0.0,0.0,0.0,0.0,0.0,0.0,0.0,0.0
2023-09-29,126.5,105.82,112.64,84.63,0.0,120.0,0.0,0.0,0.0,0.0,0.0,0.0,0.0,0.0
2023-09-30,93.18,133.63,119.48,116.88,0.0,127.29,0.0,0.0,0.0,0.0,0.0,0.0,0.0,0.0
2023-10-01,63.86,55.33,58.0,32.04,0.0,61.79,0.0,0.0,0.0,0.0,0.0,0.0,0.0,0.0
2023-10-02,105.54,99.52,121.34,25.32,0.0,129.28,0.0,0.0,0.0,0.0,0.0,0.0,0.0,0.0
2023-10-03,155.03,81.75,122.88,79.59,207.14,117.37,0.0,103.57,0.0,0.0,0.0,103.57,0.0,0.0
2023-10-04,141.33,82.94,120.62,74.28,193.33,115.87,0.0,96.67,0.0,0.0,0.0,96.67,0.0,0.0
2023-10-05,97.21,62.66,83.49,41.27,0.0,88.95,0.0,0.0,0.0,0.0,0.0,0.0,0.0,0.0
2023-10-06,176.82,196.57,205.6,166.1,0.0,219.05,0.0,0.0,0.0,0.0,0.0,0.0,0.0,0.0
2023-10-07,97.26,161.27,137.7,73.2,169.34,135.63,169.34,0.0,0.0,0.0,0.0,0.0,0.0,0.0
2023-10-08,71.83,114.83,91.27,85.71,130.13,88.73,74.36,55.77,0.0,0.0,0.0,0.0,0.0,0.0
2023-10-09,195.05,554.12,363.48,198.3,761.87,337.43,614.41,147.46,0.0,0.0,0.0,0.0,0.0,0.0
2023-10-10,266.14,557.33,357.02,263.37,1230.31,299.92,1124.86,210.91,0.0,0.0,0.0,0.0,105.46,0.0
2023-10-11,182.36,439.83,296.62,251.6,530.11,281.35,530.11,93.55,0.0,0.0,0.0,0.0,0.0,0.0
2023-10-12,245.16,465.62,311.45,318.36,483.34,300.21,483.34,0.0,0.0,0.0,0.0,0.0,103.57,0.0
2023-10-13,276.28,474.92,322.64,195.48,644.45,301.59,542.69,203.51,0.0,0.0,0.0,0.0,0.0,0.0
2023-10-14,408.18,662.04,456.53,218.0,546.38,450.66,546.38,0.0,0.0,0.0,0.0,0.0,126.09,0.0
2023-10-15,122.34,243.2,155.58,110.69,384.11,140.63,384.11,76.82,0.0,0.0,0.0,0.0,0.0,0.0
2023-10-16,496.98,648.17,435.04,342.84,743.6,414.86,743.6,0.0,0.0,0.0,347.01,0.0,0.0,0.0
2023-10-17,297.2,445.07,320.57,228.39,360.25,317.97,252.18,108.08,0.0,0.0,108.08,0.0,108.08,0.0
2023-10-18,299.4,413.92,309.42,170.94,659.1,286.56,461.37,197.73,0.0,0.0,0.0,0.0,98.86,0.0
2023-10-19,268.39,432.66,319.71,420.34,208.38,326.98,208.38,104.19,0.0,0.0,0.0,0.0,0.0,0.0
2023-10-20,320.66,484.73,332.91,314.61,545.89,318.98,545.89,307.06,0.0,0.0,0.0,0.0,0.0,0.0
2023-10-21,395.65,452.67,370.29,323.49,0.0,394.5,0.0,0.0,0.0,0.0,0.0,0.0,0.0,0.0
2023-10-22,125.32,164.73,139.1,86.45,0.0,148.2,0.0,0.0,0.0,0.0,0.0,0.0,0.0,0.0
2023-10-23,267.51,413.02,287.72,278.56,338.34,284.41,338.34,0.0,0.0,0.0,0.0,145.0,0.0,0.0
2023-10-24,252.71,332.18,240.44,199.24,230.47,241.09,230.47,0.0,0.0,0.0,0.0,115.23,0.0,0.0
2023-10-25,127.51,242.0,176.1,87.97,213.69,173.64,213.69,0.0,0.0,0.0,0.0,0.0,0.0,0.0
2023-10-26,188.21,222.66,193.05,188.85,196.61,192.82,196.61,0.0,98.31,0.0,0.0,0.0,0.0,0.0
2023-10-27,287.95,355.67,262.58,200.93,285.25,261.1,190.17,95.08,0.0,0.0,0.0,0.0,0.0,0.0
2023-10-28,211.29,398.09,309.03,259.13,134.88,320.42,0.0,134.88,0.0,0.0,0.0,0.0,0.0,0.0
2023-10-29,96.76,207.95,130.78,74.76,111.18,132.06,111.18,0.0,0.0,0.0,0.0,0.0,0.0,0.0
2023-10-30,184.94,319.08,239.1,204.14,442.75,225.79,442.75,0.0,0.0,0.0,0.0,0.0,0.0,0.0
2023-10-31,186.37,310.94,237.99,197.79,205.92,240.09,205.92,102.96,0.0,0.0,0.0,0.0,0.0,0.0
2023-11-01,230.58,322.32,242.69,208.92,197.73,245.63,197.73,0.0,0.0,0.0,0.0,0.0,0.0,0.0
2023-11-02,149.55,243.28,195.55,206.34,823.46,154.49,716.05,107.41,0.0,0.0,322.22,0.0,0.0,0.0
2023-11-03,182.4,386.78,248.75,246.91,296.59,245.63,296.59,0.0,0.0,0.0,0.0,0.0,0.0,0.0
2023-11-04,194.53,283.31,220.84,341.59,0.0,235.28,0.0,0.0,0.0,0.0,0.0,0.0,0.0,0.0
2023-11-05,87.11,153.78,105.95,78.26,77.59,107.8,77.59,0.0,0.0,0.0,0.0,0.0,0.0,0.0
2023-11-06,171.76,280.74,196.56,224.51,259.7,192.44,259.7,0.0,0.0,0.0,129.85,0.0,0.0,0.0
2023-11-07,81.95,231.83,154.94,98.32,102.35,158.38,102.35,0.0,0.0,0.0,0.0,0.0,0.0,0.0
2023-11-08,134.23,225.94,150.07,108.41,94.05,153.73,94.05,0.0,0.0,0.0,0.0,0.0,0.0,0.0
2023-11-09,218.62,284.44,232.73,296.69,0.0,247.95,0.0,0.0,0.0,0.0,0.0,0.0,0.0,0.0
2023-11-10,173.05,282.16,215.13,165.3,223.08,214.61,223.08,0.0,0.0,0.0,0.0,0.0,0.0,0.0
2023-11-11,129.79,360.18,240.12,344.89,138.1,246.79,138.1,138.1,0.0,0.0,0.0,0.0,0.0,0.0
2023-11-12,74.45,134.9,106.43,111.05,0.0,113.39,0.0,0.0,0.0,0.0,0.0,0.0,0.0,0.0
2023-11-13,259.58,360.18,279.67,132.65,138.1,288.92,0.0,138.1,0.0,0.0,0.0,0.0,0.0,0.0
2023-11-14,205.86,249.78,211.7,152.94,0.0,225.54,0.0,0.0,0.0,0.0,0.0,0.0,0.0,0.0
2023-11-15,164.88,328.43,245.2,167.14,96.67,254.91,0.0,96.67,0.0,0.0,0.0,0.0,0.0,0.0
2023-11-16,209.66,246.07,224.91,165.3,95.61,233.36,95.61,0.0,0.0,0.0,0.0,0.0,0.0,0.0
2023-11-17,164.51,210.1,186.76,247.61,0.0,198.97,0.0,0.0,0.0,0.0,0.0,0.0,0.0,0.0
2023-11-18,187.97,321.22,250.38,161.37,0.0,266.76,0.0,0.0,0.0,0.0,0.0,0.0,0.0,0.0
2023-11-19,54.36,112.92,82.14,53.57,0.0,87.51,0.0,0.0,0.0,0.0,0.0,0.0,0.0,0.0
2023-11-20,168.8,308.36,230.49,82.2,332.79,223.8,332.79,0.0,0.0,0.0,0.0,0.0,0.0,0.0
2023-11-21,148.49,231.15,165.34,129.4,0.0,176.15,0.0,0.0,0.0,0.0,0.0,0.0,0.0,0.0
2023-11-22,173.05,259.79,191.84,195.35,0.0,204.38,0.0,0.0,0.0,0.0,0.0,0.0,0.0,0.0
2023-11-23,178.14,273.2,181.46,240.33,113.73,185.89,113.73,0.0,113.73,0.0,0.0,0.0,0.0,0.0
2023-11-24,170.62,269.13,213.06,188.32,122.54,218.98,122.54,0.0,0.0,0.0,0.0,0.0,0.0,0.0
2023-11-25,164.71,272.38,218.56,205.26,0.0,232.85,0.0,0.0,0.0,0.0,0.0,0.0,0.0,0.0
2023-11-26,80.35,127.96,84.75,102.33,0.0,90.29,0.0,0.0,0.0,0.0,0.0,0.0,0.0,0.0
2023-11-27,180.07,236.7,185.99,240.92,156.76,187.9,156.76,0.0,0.0,0.0,0.0,0.0,0.0,0.0
2023-11-28,161.01,215.42,175.72,169.25,0.0,187.21,0.0,0.0,0.0,0.0,0.0,0.0,0.0,0.0
2023-11-29,228.43,194.5,183.05,95.51,99.43,188.52,99.43,0.0,0.0,0.0,0.0,0.0,0.0,0.0
2023-11-30,221.96,263.33,190.13,228.39,108.08,195.49,108.08,0.0,0.0,0.0,0.0,0.0,0.0,0.0
2023-12-01,211.19,168.93,187.34,131.95,0.0,199.58,0.0,0.0,0.0,0.0,0.0,0.0,0.0,0.0
2023-12-02,110.13,244.28,177.97,202.59,0.0,189.61,0.0,0.0,0.0,0.0,0.0,0.0,0.0,0.0
2023-12-03,71.96,130.07,98.68,77.22,114.85,97.62,114.85,0.0,0.0,0.0,0.0,0.0,0.0,0.0
2023-12-04,134.0,227.23,179.54,236.65,307.97,171.15,0.0,153.98,153.98,153.98,0.0,153.98,0.0,0.0
2023-12-05,203.13,247.59,223.55,122.3,0.0,238.16,0.0,0.0,0.0,0.0,0.0,0.0,0.0,0.0
2023-12-06,132.31,159.43,143.41,146.04,422.33,125.18,337.87,337.87,0.0,84.47,0.0,0.0,0.0,0.0
2023-12-07,195.49,195.89,171.38,159.18,92.06,176.56,92.06,92.06,0.0,0.0,0.0,0.0,0.0,0.0
2023-12-08,167.36,180.71,177.97,241.91,381.58,164.66,152.63,114.47,0.0,114.47,0.0,114.47,0.0,0.0
2023-12-09,200.47,239.7,218.08,188.32,408.45,205.63,408.45,0.0,0.0,0.0,0.0,0.0,0.0,0.0
2023-12-10,101.86,125.52,102.61,110.42,52.25,105.91,0.0,52.25,0.0,0.0,0.0,0.0,52.25,0.0
2023-12-11,161.19,149.28,143.52,188.7,140.32,143.73,140.32,0.0,0.0,0.0,0.0,0.0,0.0,0.0
2023-12-12,157.69,194.33,160.07,178.02,0.0,170.53,0.0,0.0,0.0,0.0,0.0,0.0,0.0,0.0
2023-12-13,224.44,260.68,218.62,237.55,471.07,202.12,206.09,0.0,88.33,0.0,88.33,0.0,88.33,0.0
2023-12-14,177.72,214.54,176.9,180.15,0.0,188.47,0.0,0.0,0.0,0.0,0.0,0.0,0.0,0.0
2023-12-15,232.65,304.5,223.94,132.82,115.23,231.04,115.23,0.0,0.0,0.0,115.23,0.0,0.0,0.0
2023-12-16,157.2,300.85,222.8,204.14,177.1,225.79,0.0,0.0,0.0,0.0,177.1,0.0,0.0,0.0
2023-12-17,77.01,121.07,97.85,91.9,159.45,93.83,0.0,0.0,0.0,0.0,159.45,0.0,0.0,0.0
2023-12-18,178.82,187.67,186.44,95.51,0.0,198.63,0.0,0.0,0.0,0.0,0.0,0.0,0.0,0.0
2023-12-19,189.51,223.47,189.98,123.05,249.08,186.12,249.08,0.0,0.0,0.0,0.0,0.0,0.0,0.0
2023-12-20,143.55,200.2,156.37,115.93,402.32,140.29,402.32,0.0,0.0,0.0,0.0,0.0,0.0,0.0
2023-12-21,130.29,225.66,165.55,116.61,202.33,163.15,101.16,101.16,0.0,0.0,0.0,0.0,0.0,0.0
2023-12-22,164.84,200.31,180.22,105.78,220.25,177.61,110.13,0.0,0.0,110.13,0.0,110.13,0.0,0.0
2023-12-23,226.52,301.0,266.23,326.12,141.46,274.39,0.0,0.0,0.0,141.46,0.0,141.46,0.0,0.0
2023-12-24,95.64,125.71,97.68,50.27,65.41,99.79,0.0,0.0,0.0,65.41,0.0,65.41,0.0,0.0
2023-12-25,127.81,219.13,173.07,153.34,0.0,184.39,0.0,0.0,0.0,0.0,0.0,0.0,0.0,0.0
2023-12-26,178.82,238.85,193.22,254.68,165.72,195.02,165.72,0.0,0.0,0.0,0.0,0.0,0.0,0.0
2023-12-27,136.06,298.57,219.24,169.56,168.12,222.58,168.12,0.0,0.0,0.0,168.12,0.0,0.0,0.0
2023-12-28,248.77,218.59,187.5,119.38,155.36,189.61,155.36,0.0,0.0,0.0,0.0,0.0,0.0,0.0
2023-12-29,106.0,179.14,133.48,222.85,0.0,142.2,0.0,0.0,0.0,0.0,0.0,0.0,0.0,0.0
2023-12-30,128.32,293.51,205.12,283.28,688.14,173.54,540.68,147.46,0.0,0.0,147.46,0.0,0.0,0.0
2023-12-31,85.18,149.28,111.23,117.52,407.82,91.84,0.0,339.85,0.0,0.0,226.56,0.0,0.0,0.0
2024-01-01,218.72,304.1,247.18,123.8,1235.19,182.58,644.45,751.86,0.0,0.0,0.0,0.0,0.0,0.0
2024-01-02,193.41,275.99,173.48,84.27,487.4,152.96,146.22,341.18,0.0,0.0,0.0,0.0,0.0,0.0
2024-01-03,158.94,199.05,159.04,189.66,329.08,147.92,0.0,329.08,0.0,0.0,0.0,0.0,0.0,0.0
2024-01-04,148.15,292.12,194.61,240.48,0.0,207.34,0.0,0.0,0.0,0.0,0.0,0.0,0.0,0.0
2024-01-05,133.67,177.08,154.65,207.48,240.0,149.07,120.0,120.0,0.0,0.0,0.0,0.0,0.0,0.0
2024-01-06,167.24,258.46,175.31,224.51,259.7,169.8,129.85,129.85,0.0,0.0,0.0,0.0,0.0,0.0
2024-01-07,35.26,94.07,59.73,80.13,0.0,63.63,0.0,0.0,0.0,0.0,0.0,0.0,0.0,0.0
2024-01-08,137.14,242.23,167.9,189.21,164.15,168.14,164.15,0.0,0.0,0.0,0.0,0.0,0.0,0.0
2024-01-09,174.19,241.98,179.13,240.33,113.73,183.41,113.73,113.73,0.0,0.0,0.0,0.0,0.0,0.0
2024-01-10,145.22,192.06,143.62,156.39,203.51,139.71,203.51,101.76,0.0,0.0,0.0,0.0,0.0,0.0
2024-01-11,110.47,247.87,181.33,105.12,0.0,193.18,0.0,0.0,0.0,0.0,0.0,0.0,0.0,0.0
2024-01-12,194.93,209.34,190.24,192.11,333.34,180.89,333.34,0.0,0.0,0.0,0.0,0.0,0.0,0.0
2024-01-13,194.19,237.03,190.2,102.07,0.0,202.63,0.0,0.0,0.0,0.0,0.0,0.0,0.0,0.0
2024-01-14,113.57,132.7,111.23,92.85,60.42,114.55,60.42,0.0,0.0,0.0,0.0,0.0,0.0,0.0
2024-01-15,158.41,151.58,153.33,179.99,0.0,163.35,0.0,0.0,0.0,0.0,0.0,0.0,0.0,0.0
2024-01-16,102.21,250.05,173.52,146.24,217.5,170.64,217.5,0.0,0.0,0.0,0.0,0.0,0.0,0.0
2024-01-17,110.45,168.6,129.81,137.64,238.83,122.69,102.35,136.47,0.0,0.0,0.0,0.0,0.0,0.0
2024-01-18,118.76,140.5,118.65,196.63,227.45,111.53,227.45,0.0,0.0,0.0,0.0,0.0,0.0,0.0
2024-01-19,148.57,153.98,147.75,147.16,145.91,147.87,145.91,0.0,0.0,0.0,0.0,0.0,0.0,0.0
2024-01-20,160.33,158.07,146.56,147.47,255.88,139.42,127.94,127.94,0.0,0.0,0.0,0.0,0.0,0.0
2024-01-21,96.5,105.26,98.94,90.65,137.63,96.41,78.64,58.98,0.0,0.0,0.0,0.0,0.0,0.0
2024-01-22,118.06,232.78,168.92,254.95,196.61,167.11,0.0,196.61,0.0,0.0,0.0,0.0,0.0,0.0
2024-01-23,160.77,169.56,145.01,144.44,107.41,147.47,107.41,0.0,0.0,0.0,0.0,0.0,0.0,0.0
2024-01-24,133.46,182.18,150.82,188.85,98.31,154.26,98.31,0.0,0.0,0.0,98.31,0.0,0.0,0.0
2024-01-25,177.46,235.81,167.77,255.5,221.66,164.24,110.83,110.83,0.0,0.0,0.0,0.0,0.0,0.0
2024-01-26,205.38,226.5,202.52,153.69,333.34,193.96,233.34,133.33,0.0,0.0,100.0,0.0,100.0,0.0
2024-01-27,130.11,296.36,224.11,321.89,128.89,230.34,0.0,0.0,0.0,0.0,0.0,128.89,0.0,0.0
2024-01-28,132.49,130.62,116.79,169.75,67.97,119.98,67.97,0.0,0.0,0.0,0.0,0.0,0.0,0.0
2024-01-29,152.69,195.7,170.49,196.63,146.22,172.08,146.22,0.0,0.0,0.0,0.0,0.0,0.0,0.0
2024-01-30,182.85,296.69,214.91,168.19,656.61,186.03,547.17,109.43,218.87,0.0,0.0,0.0,0.0,0.0
2024-01-31,166.08,205.47,162.66,125.8,93.55,167.18,93.55,0.0,0.0,0.0,0.0,93.55,0.0,0.0
2024-02-01,234.46,169.51,176.82,258.79,261.94,171.26,0.0,0.0,261.94,0.0,0.0,0.0,149.68,0.0
2024-02-02,211.81,194.16,194.35,205.08,249.08,190.77,106.75,142.33,0.0,0.0,0.0,0.0,0.0,0.0
2024-02-03,170.49,243.28,197.74,198.09,128.89,202.25,128.89,0.0,0.0,0.0,0.0,0.0,0.0,0.0
2024-02-04,112.08,108.14,102.3,92.12,0.0,108.99,0.0,0.0,0.0,0.0,0.0,0.0,0.0,0.0
2024-02-05,189.92,126.51,156.85,141.64,0.0,167.11,0.0,0.0,0.0,0.0,0.0,0.0,0.0,0.0
2024-02-06,119.59,159.74,122.43,85.17,0.0,130.43,0.0,0.0,0.0,0.0,0.0,0.0,0.0,0.0
2024-02-07,156.01,120.63,125.84,118.18,351.52,111.08,175.76,175.76,0.0,0.0,87.88,0.0,0.0,0.0
2024-02-08,232.42,225.66,196.59,97.17,202.33,196.22,202.33,101.16,0.0,0.0,0.0,0.0,0.0,0.0
2024-02-09,190.36,194.5,162.72,248.32,198.86,160.35,99.43,99.43,0.0,0.0,0.0,0.0,0.0,0.0
2024-02-10,241.48,257.59,214.03,218.48,151.64,218.11,0.0,0.0,0.0,0.0,0.0,0.0,0.0,0.0
2024-02-11,112.16,100.53,95.88,78.78,78.12,97.04,0.0,0.0,0.0,0.0,0.0,0.0,0.0,0.0
2024-02-12,305.62,241.05,208.99,245.34,0.0,222.66,0.0,0.0,0.0,0.0,0.0,0.0,0.0,0.0
2024-02-13,190.16,118.04,155.21,97.17,0.0,165.35,0.0,0.0,0.0,0.0,0.0,0.0,0.0,0.0
2024-02-14,165.19,202.66,168.26,60.78,105.46,172.37,0.0,105.46,0.0,0.0,0.0,0.0,0.0,0.0
2024-02-15,329.41,226.98,231.05,175.93,0.0,246.15,0.0,0.0,0.0,0.0,0.0,0.0,0.0,0.0
2024-02-16,143.16,188.19,183.36,162.07,210.91,181.56,0.0,105.46,0.0,105.46,0.0,0.0,0.0,0.0
2024-02-17,160.95,300.66,219.04,46.75,608.4,193.58,121.68,486.72,0.0,0.0,0.0,0.0,0.0,0.0
2024-02-18,93.02,171.19,123.91,102.68,0.0,132.01,0.0,0.0,0.0,0.0,0.0,0.0,0.0,0.0
2024-02-19,233.69,310.32,285.87,210.57,0.0,304.56,0.0,0.0,0.0,0.0,0.0,0.0,0.0,0.0
2024-02-20,109.76,296.56,215.0,157.04,233.56,213.78,233.56,0.0,0.0,0.0,0.0,0.0,0.0,0.0
2024-02-21,153.44,226.91,182.72,133.71,0.0,194.66,0.0,0.0,0.0,0.0,0.0,0.0,0.0,0.0
2024-02-22,138.65,187.05,158.67,201.37,104.82,162.19,0.0,0.0,104.82,0.0,0.0,0.0,104.82,0.0
2024-02-23,185.27,252.91,201.0,196.63,238.83,198.53,102.35,238.83,0.0,0.0,0.0,102.35,0.0,0.0
2024-02-24,280.49,288.55,222.16,157.04,544.97,201.06,0.0,544.97,0.0,0.0,0.0,0.0,116.78,0.0
2024-02-25,96.41,171.5,119.47,104.1,120.42,119.41,60.21,60.21,0.0,0.0,0.0,0.0,0.0,0.0
2024-02-26,167.43,179.63,153.37,190.24,141.46,154.15,141.46,0.0,0.0,0.0,0.0,0.0,0.0,0.0
2024-02-27,234.34,213.26,194.92,198.97,241.67,191.86,241.67,138.1,0.0,0.0,0.0,0.0,0.0,0.0
2024-02-28,165.8,133.44,145.16,149.4,97.21,148.29,97.21,0.0,0.0,0.0,0.0,0.0,0.0,0.0
2024-02-29,200.78,92.37,147.49,166.21,0.0,157.13,0.0,0.0,0.0,0.0,0.0,0.0,0.0,0.0
2024-03-01,171.42,195.29,190.28,210.23,0.0,202.72,0.0,0.0,0.0,0.0,0.0,0.0,0.0,0.0
2024-03-02,133.72,240.41,191.84,151.94,0.0,204.38,0.0,0.0,0.0,0.0,0.0,0.0,0.0,0.0
2024-03-03,51.97,110.36,82.23,88.26,0.0,87.61,0.0,0.0,0.0,0.0,0.0,0.0,0.0,0.0
2024-03-04,78.79,165.06,136.01,163.06,141.46,135.65,141.46,0.0,0.0,0.0,0.0,0.0,0.0,0.0
2024-03-05,88.64,138.36,112.86,122.3,106.1,113.3,106.1,0.0,0.0,0.0,0.0,0.0,0.0,0.0
2024-03-06,87.05,121.57,104.44,60.05,104.19,104.45,104.19,0.0,0.0,0.0,0.0,0.0,0.0,0.0
2024-03-07,111.88,110.3,120.16,127.75,110.83,120.77,110.83,0.0,0.0,0.0,0.0,0.0,0.0,0.0
2024-03-08,183.04,187.02,183.84,165.3,0.0,195.86,0.0,0.0,0.0,0.0,0.0,0.0,0.0,0.0
2024-03-09,126.19,199.05,160.67,69.64,0.0,171.17,0.0,0.0,0.0,0.0,0.0,0.0,0.0,0.0
2024-03-10,101.67,104.5,90.26,95.51,62.14,92.09,62.14,0.0,0.0,0.0,0.0,0.0,0.0,0.0
2024-03-11,105.12,108.57,111.78,27.63,0.0,119.09,0.0,0.0,0.0,0.0,0.0,0.0,0.0,0.0
2024-03-12,148.41,134.45,139.08,88.55,115.23,140.63,115.23,0.0,0.0,0.0,0.0,0.0,0.0,0.0
2024-03-13,164.19,219.43,184.4,181.23,209.64,182.75,0.0,209.64,0.0,0.0,0.0,0.0,0.0,0.0
2024-03-14,189.73,187.05,184.4,261.78,209.64,182.75,0.0,209.64,0.0,0.0,0.0,0.0,0.0,0.0
2024-03-15,174.09,153.75,149.2,120.1,208.38,145.33,104.19,104.19,0.0,0.0,0.0,0.0,0.0,0.0
2024-03-16,153.62,194.72,183.13,266.45,336.23,173.12,0.0,336.23,0.0,0.0,0.0,0.0,0.0,0.0
2024-03-17,113.43,145.59,113.2,82.68,286.93,101.84,61.48,225.44,0.0,0.0,61.48,0.0,0.0,0.0
2024-03-18,170.96,240.78,192.32,188.7,0.0,204.9,0.0,0.0,0.0,0.0,0.0,0.0,0.0,0.0
2024-03-19,134.17,147.39,153.19,211.57,110.13,156.0,0.0,110.13,0.0,0.0,0.0,0.0,0.0,0.0
2024-03-20,167.32,108.87,133.72,55.4,0.0,142.47,0.0,0.0,0.0,0.0,0.0,0.0,0.0,0.0
2024-03-21,168.86,90.48,116.49,162.07,105.46,117.21,0.0,105.46,0.0,0.0,0.0,0.0,0.0,0.0
2024-03-22,84.34,128.5,121.65,84.63,0.0,129.6,0.0,0.0,0.0,0.0,0.0,0.0,0.0,0.0
2024-03-23,119.43,197.64,152.9,188.32,245.07,146.88,0.0,245.07,0.0,0.0,0.0,0.0,0.0,0.0
2024-03-24,63.55,119.43,92.19,65.76,0.0,98.22,0.0,0.0,0.0,0.0,0.0,0.0,0.0,0.0
2024-03-25,141.65,211.89,189.45,161.75,140.32,192.66,0.0,140.32,0.0,0.0,0.0,0.0,0.0,0.0
2024-03-26,124.15,211.41,143.7,145.34,216.15,138.97,216.15,0.0,0.0,0.0,0.0,0.0,0.0,0.0
2024-03-27,141.9,170.61,134.24,191.01,0.0,143.02,0.0,0.0,0.0,0.0,0.0,0.0,0.0,0.0
2024-03-28,124.7,129.97,115.16,78.65,0.0,122.69,0.0,0.0,0.0,0.0,0.0,0.0,0.0,0.0
2024-03-29,135.82,166.47,144.53,162.07,0.0,153.98,0.0,0.0,0.0,0.0,0.0,0.0,0.0,0.0
2024-03-30,148.94,234.94,198.39,246.6,285.25,192.71,0.0,285.25,0.0,0.0,0.0,0.0,0.0,0.0
2024-03-31,103.83,106.63,88.98,95.51,165.72,83.97,0.0,165.72,0.0,0.0,0.0,0.0,165.72,0.0
2024-04-01,153.9,151.73,131.29,109.6,190.17,127.44,190.17,0.0,0.0,0.0,0.0,0.0,0.0,0.0
2024-04-02,115.37,174.67,142.86,159.18,631.3,110.93,631.3,0.0,0.0,0.0,0.0,0.0,0.0,0.0
2024-04-03,168.67,222.98,186.98,148.1,403.8,172.81,146.84,256.96,0.0,0.0,0.0,0.0,0.0,0.0
2024-04-04,128.71,253.78,200.22,208.92,507.5,180.13,217.5,290.0,0.0,0.0,0.0,0.0,0.0,0.0
2024-04-05,206.65,224.8,190.53,137.64,341.18,180.68,341.18,136.47,0.0,0.0,0.0,0.0,0.0,0.0
2024-04-06,220.25,244.28,186.06,227.91,175.76,186.73,0.0,175.76,0.0,0.0,0.0,0.0,0.0,0.0
2024-04-07,69.89,144.06,97.07,93.5,0.0,103.42,0.0,0.0,0.0,0.0,0.0,0.0,0.0,0.0
2024-04-08,118.97,255.92,197.04,179.07,0.0,209.92,0.0,0.0,0.0,0.0,0.0,0.0,0.0,0.0
2024-04-09,182.1,202.95,176.81,152.94,0.0,188.37,0.0,0.0,0.0,0.0,0.0,0.0,0.0,0.0
2024-04-10,153.16,102.95,124.78,76.84,400.0,106.79,200.0,300.0,100.0,0.0,0.0,0.0,100.0,0.0
2024-04-11,223.15,115.24,170.68,97.74,101.76,175.19,0.0,101.76,0.0,0.0,0.0,0.0,101.76,0.0
2024-04-12,141.68,185.08,149.87,234.58,0.0,159.67,0.0,0.0,0.0,0.0,0.0,0.0,0.0,0.0
2024-04-13,237.62,146.99,188.92,308.56,133.85,192.52,133.85,0.0,0.0,0.0,0.0,0.0,0.0,0.0
2024-04-14,111.12,146.06,115.23,144.29,83.45,117.31,83.45,0.0,0.0,0.0,0.0,0.0,0.0,0.0
2024-04-15,253.67,301.12,222.08,114.28,594.88,197.71,594.88,0.0,0.0,0.0,0.0,0.0,0.0,0.0
2024-04-16,276.28,286.35,224.8,254.13,407.02,212.89,305.27,101.76,0.0,0.0,0.0,0.0,0.0,0.0
2024-04-17,230.43,222.3,186.67,163.5,378.26,174.15,378.26,0.0,0.0,0.0,0.0,0.0,189.13,0.0
2024-04-18,227.13,227.66,209.11,146.24,108.75,215.68,108.75,108.75,0.0,0.0,0.0,0.0,0.0,0.0
2024-04-19,199.56,189.84,181.06,173.9,402.32,166.59,301.74,100.58,0.0,0.0,0.0,0.0,100.58,0.0
2024-04-20,279.9,253.33,229.2,177.27,131.82,235.57,131.82,0.0,0.0,0.0,0.0,0.0,0.0,0.0
2024-04-21,117.43,144.21,110.17,56.85,177.55,105.77,118.37,59.18,0.0,0.0,0.0,0.0,0.0,0.0
2024-04-22,229.58,226.33,192.32,188.7,280.65,186.55,280.65,0.0,0.0,0.0,0.0,0.0,0.0,0.0
2024-04-23,167.09,284.84,196.38,115.27,100.0,202.68,100.0,0.0,0.0,0.0,0.0,0.0,0.0,0.0
2024-04-24,76.91,183.25,137.48,106.12,0.0,146.47,0.0,0.0,0.0,0.0,0.0,0.0,0.0,0.0
2024-04-25,243.63,236.85,220.72,130.72,0.0,235.15,0.0,0.0,0.0,0.0,0.0,0.0,0.0,0.0
2024-04-26,163.07,209.98,201.44,202.03,0.0,214.61,0.0,0.0,0.0,0.0,0.0,0.0,0.0,0.0
2024-04-27,128.77,211.58,165.36,210.57,0.0,176.17,0.0,0.0,0.0,0.0,0.0,0.0,0.0,0.0
2024-04-28,91.24,120.58,100.39,117.85,130.13,98.45,0.0,130.13,0.0,0.0,0.0,0.0,0.0,0.0
2024-04-29,205.5,202.6,190.68,208.92,0.0,203.15,0.0,0.0,0.0,0.0,0.0,0.0,0.0,0.0
2024-04-30,147.44,176.78,161.58,109.96,114.47,164.66,0.0,114.47,0.0,0.0,0.0,0.0,0.0,0.0
2024-05-01,186.9,177.44,160.68,57.3,0.0,171.19,0.0,0.0,0.0,0.0,0.0,0.0,0.0,0.0
2024-05-02,156.64,157.86,153.42,153.69,333.34,141.66,100.0,233.34,0.0,0.0,133.33,0.0,0.0,0.0
2024-05-03,163.07,149.28,162.0,128.57,0.0,172.59,0.0,0.0,0.0,0.0,0.0,0.0,0.0,0.0
2024-05-04,234.76,157.38,201.42,181.39,0.0,214.59,0.0,0.0,0.0,0.0,0.0,0.0,0.0,0.0
2024-05-05,96.65,118.58,107.29,82.98,0.0,114.3,0.0,0.0,0.0,0.0,0.0,0.0,0.0,0.0
2024-05-06,179.07,275.2,216.66,29.07,0.0,230.82,0.0,0.0,0.0,0.0,0.0,0.0,0.0,0.0
2024-05-07,297.4,253.87,225.93,220.18,486.23,208.91,243.12,243.12,0.0,0.0,0.0,0.0,0.0,0.0
2024-05-08,169.19,223.51,184.93,186.74,0.0,197.02,0.0,0.0,0.0,0.0,0.0,0.0,0.0,0.0
2024-05-09,168.67,192.75,184.73,126.94,0.0,196.81,0.0,0.0,0.0,0.0,0.0,0.0,0.0,0.0
2024-05-10,180.92,209.39,173.35,195.35,112.99,177.29,0.0,112.99,0.0,0.0,0.0,0.0,0.0,0.0
2024-05-11,239.46,259.22,229.02,259.13,269.77,226.35,134.88,134.88,0.0,134.88,0.0,0.0,0.0,0.0
2024-05-12,157.52,172.8,135.6,48.98,127.47,136.13,63.74,63.74,0.0,63.74,0.0,0.0,0.0,0.0
2024-05-13,216.67,296.14,214.14,217.41,141.46,218.89,141.46,0.0,0.0,0.0,0.0,0.0,0.0,0.0
2024-05-14,207.11,235.0,192.9,86.26,112.26,198.17,0.0,112.26,112.26,0.0,0.0,0.0,0.0,0.0
2024-05-15,244.92,254.52,225.62,164.4,95.08,234.16,0.0,0.0,0.0,0.0,95.08,0.0,0.0,0.0
2024-05-16,159.56,202.26,183.71,89.86,0.0,195.72,0.0,0.0,0.0,0.0,0.0,0.0,0.0,0.0
2024-05-17,225.79,222.6,202.19,257.13,446.16,186.24,205.92,240.24,0.0,0.0,0.0,0.0,240.24,0.0
2024-05-18,151.42,219.78,190.33,232.13,563.89,165.9,0.0,322.22,0.0,0.0,0.0,0.0,402.78,0.0
2024-05-19,90.21,133.4,104.76,106.68,431.92,83.37,267.38,226.24,0.0,0.0,0.0,0.0,143.97,0.0
2024-05-20,210.04,288.94,255.47,188.7,280.65,253.83,140.32,140.32,0.0,0.0,0.0,0.0,0.0,0.0
2024-05-21,218.05,179.14,199.33,222.85,116.0,204.77,0.0,116.0,0.0,0.0,0.0,0.0,0.0,0.0
2024-05-22,144.36,188.73,143.85,86.6,90.16,147.36,90.16,0.0,0.0,0.0,0.0,0.0,0.0,0.0
2024-05-23,139.49,144.76,135.9,101.29,105.46,137.89,0.0,105.46,0.0,0.0,0.0,0.0,0.0,0.0
2024-05-24,126.68,140.5,151.22,65.54,0.0,161.1,0.0,0.0,0.0,0.0,0.0,0.0,0.0,0.0
2024-05-25,18.93,214.6,133.48,182.81,135.94,133.32,0.0,135.94,0.0,0.0,0.0,0.0,0.0,0.0
2024-05-26,71.52,147.63,110.33,98.68,64.21,113.34,64.21,0.0,0.0,0.0,0.0,0.0,0.0,0.0
2024-05-27,121.14,238.85,180.94,167.14,0.0,192.77,0.0,0.0,0.0,0.0,0.0,0.0,0.0,0.0
2024-05-28,213.04,189.44,189.02,138.32,240.0,185.68,120.0,120.0,0.0,0.0,120.0,0.0,0.0,0.0
2024-05-29,153.12,194.57,179.97,206.57,97.75,185.34,0.0,97.75,0.0,0.0,0.0,0.0,0.0,0.0
2024-05-30,122.67,124.72,139.67,126.94,0.0,148.8,0.0,0.0,0.0,0.0,0.0,0.0,0.0,0.0
2024-05-31,147.9,170.11,138.65,272.08,202.33,134.49,0.0,202.33,0.0,0.0,0.0,0.0,0.0,0.0
2024-06-01,174.98,176.93,152.92,222.85,128.89,154.49,0.0,128.89,0.0,0.0,0.0,0.0,0.0,0.0
2024-06-02,50.47,101.69,72.22,72.67,126.09,68.7,0.0,126.09,0.0,0.0,0.0,0.0,0.0,0.0
2024-06-03,171.69,136.35,142.94,131.6,0.0,152.28,0.0,0.0,0.0,0.0,0.0,0.0,0.0,0.0
2024-06-04,193.06,149.28,166.85,125.35,145.0,168.27,145.0,0.0,0.0,0.0,0.0,0.0,0.0,0.0
2024-06-05,117.12,92.37,104.23,110.81,0.0,111.04,0.0,0.0,0.0,0.0,0.0,0.0,0.0,0.0
2024-06-06,135.39,161.58,138.19,157.31,136.47,138.3,136.47,136.47,0.0,0.0,0.0,0.0,0.0,0.0
2024-06-07,131.39,151.65,128.06,53.06,214.82,122.39,122.75,92.06,0.0,0.0,122.75,0.0,0.0,0.0
2024-06-08,110.13,158.33,121.34,75.97,175.76,117.79,175.76,0.0,0.0,0.0,175.76,0.0,0.0,0.0
2024-06-09,55.06,116.92,82.14,81.82,60.84,83.53,0.0,0.0,0.0,0.0,60.84,0.0,0.0,0.0
2024-06-10,97.84,110.24,93.09,179.99,267.69,81.68,267.69,0.0,0.0,0.0,0.0,0.0,0.0,0.0
2024-06-11,113.8,119.43,110.02,141.81,0.0,117.21,0.0,0.0,0.0,0.0,0.0,0.0,0.0,0.0
2024-06-12,113.8,141.14,118.65,101.29,105.46,119.51,105.46,0.0,0.0,0.0,0.0,0.0,0.0,0.0
2024-06-13,144.38,145.81,140.72,136.04,202.33,136.69,0.0,101.16,0.0,101.16,0.0,101.16,0.0,0.0
2024-06-14,96.77,162.53,128.48,59.34,0.0,136.87,0.0,0.0,0.0,0.0,0.0,0.0,0.0,0.0
2024-06-15,190.11,235.37,171.47,195.2,0.0,182.69,0.0,0.0,0.0,0.0,0.0,0.0,0.0,0.0
2024-06-16,106.38,119.86,100.79,95.85,0.0,107.38,0.0,0.0,0.0,0.0,0.0,0.0,0.0,0.0
2024-06-17,85.81,159.24,130.51,167.14,0.0,139.04,0.0,0.0,0.0,0.0,0.0,0.0,0.0,0.0
2024-06-18,180.58,196.57,179.08,207.62,0.0,190.78,0.0,0.0,0.0,0.0,0.0,0.0,0.0,0.0
2024-06-19,109.8,153.65,122.81,156.39,0.0,130.84,0.0,0.0,0.0,0.0,0.0,0.0,0.0,0.0
2024-06-20,154.24,144.65,156.97,124.57,0.0,167.23,0.0,0.0,0.0,0.0,0.0,0.0,0.0,0.0
2024-06-21,189.28,209.0,202.44,62.68,108.75,208.57,0.0,108.75,0.0,0.0,0.0,0.0,0.0,0.0
2024-06-22,150.17,172.73,158.85,138.13,143.8,159.83,0.0,143.8,0.0,0.0,0.0,0.0,0.0,0.0
2024-06-23,76.75,71.57,73.14,91.58,79.45,72.73,0.0,79.45,0.0,0.0,79.45,0.0,0.0,0.0
2024-06-24,87.31,123.73,115.44,120.46,209.01,109.32,0.0,209.01,0.0,0.0,0.0,0.0,0.0,0.0
2024-06-25,135.97,154.36,123.49,90.96,0.0,131.56,0.0,0.0,0.0,0.0,0.0,0.0,0.0,0.0
2024-06-26,138.14,188.57,147.79,156.39,101.76,150.8,101.76,0.0,0.0,0.0,0.0,0.0,0.0,0.0
2024-06-27,167.09,188.75,184.11,192.11,0.0,196.14,0.0,0.0,0.0,0.0,0.0,0.0,0.0,0.0
2024-06-28,144.69,142.65,150.29,130.0,96.67,153.79,0.0,0.0,0.0,0.0,0.0,0.0,96.67,0.0
2024-06-29,116.81,59.71,94.07,71.63,0.0,100.22,0.0,0.0,0.0,0.0,0.0,0.0,0.0,0.0
2024-06-30,28.53,38.94,37.4,60.56,0.0,39.84,0.0,0.0,0.0,0.0,0.0,0.0,0.0,0.0
2024-07-01,114.19,181.1,140.04,109.6,142.62,139.87,0.0,142.62,0.0,0.0,0.0,0.0,0.0,0.0
2024-07-02,85.47,51.29,74.25,61.52,106.75,72.12,0.0,106.75,0.0,0.0,0.0,0.0,0.0,0.0
2024-07-03,113.11,107.92,94.35,161.1,0.0,100.51,0.0,0.0,0.0,0.0,0.0,0.0,0.0,0.0
2024-07-04,120.41,93.53,94.35,80.55,0.0,100.51,0.0,0.0,0.0,0.0,0.0,0.0,0.0,0.0
2024-07-05,120.34,83.05,110.79,88.55,115.23,110.5,0.0,0.0,0.0,0.0,0.0,0.0,115.23,0.0
2024-07-06,176.2,86.86,135.9,182.33,158.18,134.45,0.0,0.0,0.0,0.0,0.0,0.0,158.18,0.0
2024-07-07,75.12,57.86,62.08,51.83,0.0,66.14,0.0,0.0,0.0,0.0,0.0,0.0,0.0,0.0
2024-07-08,146.38,69.67,109.75,111.42,338.34,94.8,0.0,338.34,0.0,0.0,0.0,0.0,0.0,0.0
2024-07-09,122.67,139.84,128.41,63.47,440.51,108.0,0.0,440.51,0.0,0.0,0.0,0.0,0.0,0.0
2024-07-10,135.35,186.81,153.11,56.02,194.41,150.41,0.0,194.41,0.0,0.0,0.0,0.0,0.0,0.0
2024-07-11,179.75,100.16,144.67,172.53,112.26,146.79,0.0,0.0,0.0,112.26,0.0,0.0,0.0,0.0
2024-07-12,159.21,88.72,134.24,95.51,198.86,130.02,198.86,0.0,0.0,0.0,0.0,0.0,0.0,0.0
2024-07-13,149.23,138.47,165.07,48.45,126.09,167.62,126.09,0.0,0.0,0.0,0.0,0.0,0.0,0.0
2024-07-14,46.94,127.8,93.25,49.34,0.0,99.35,0.0,0.0,0.0,0.0,0.0,0.0,0.0,0.0
2024-07-15,82.59,389.04,261.56,25.32,0.0,278.66,0.0,0.0,0.0,0.0,0.0,0.0,0.0,0.0
2024-07-16,121.9,214.07,170.13,42.05,0.0,181.26,0.0,0.0,0.0,0.0,0.0,0.0,0.0,0.0
2024-07-17,105.18,175.21,159.85,140.11,104.19,163.49,104.19,0.0,0.0,0.0,0.0,0.0,0.0,0.0
2024-07-18,130.29,163.17,151.07,58.3,202.33,147.72,0.0,202.33,0.0,0.0,0.0,0.0,101.16,0.0
2024-07-19,132.49,160.48,133.48,146.24,0.0,142.2,0.0,0.0,0.0,0.0,0.0,0.0,0.0,0.0
2024-07-20,132.75,229.04,173.09,137.37,238.36,168.83,119.18,119.18,0.0,0.0,0.0,0.0,0.0,0.0
2024-07-21,40.21,121.41,93.05,69.35,72.2,94.41,72.2,0.0,0.0,0.0,0.0,0.0,0.0,0.0
2024-07-22,167.65,218.59,155.72,89.54,310.72,145.59,310.72,0.0,0.0,0.0,0.0,0.0,0.0,0.0
2024-07-23,80.27,129.5,102.92,60.41,139.76,100.51,139.76,0.0,0.0,0.0,0.0,0.0,0.0,0.0
2024-07-24,111.92,168.76,147.02,109.0,0.0,156.63,0.0,0.0,0.0,0.0,0.0,0.0,0.0,0.0
2024-07-25,63.56,165.87,129.63,82.54,0.0,138.11,0.0,0.0,0.0,0.0,0.0,0.0,0.0,0.0
2024-07-26,155.75,167.2,160.68,114.61,0.0,171.19,0.0,0.0,0.0,0.0,0.0,0.0,0.0,0.0
2024-07-27,166.78,207.7,183.13,193.78,0.0,195.1,0.0,0.0,0.0,0.0,0.0,0.0,0.0,0.0
2024-07-28,111.16,111.82,105.32,137.72,0.0,112.2,0.0,0.0,0.0,0.0,0.0,0.0,0.0,0.0
2024-07-29,145.37,157.64,142.38,106.97,139.2,142.58,0.0,0.0,0.0,139.2,0.0,0.0,0.0,0.0
2024-07-30,126.87,242.08,192.4,90.34,587.84,166.55,0.0,0.0,0.0,587.84,0.0,587.84,0.0,0.0
2024-07-31,133.4,287.91,203.39,139.28,310.72,196.38,207.14,0.0,0.0,0.0,0.0,0.0,103.57,0.0
2024-08-01,186.64,322.87,229.71,136.04,134.88,235.9,134.88,0.0,0.0,0.0,0.0,0.0,0.0,0.0
2024-08-02,165.8,340.27,234.64,130.72,97.21,243.63,0.0,0.0,0.0,0.0,0.0,0.0,97.21,0.0
2024-08-03,212.69,305.41,241.82,153.1,265.65,240.26,132.83,0.0,0.0,132.83,0.0,0.0,0.0,0.0
2024-08-04,66.11,138.77,105.28,82.39,122.54,104.15,61.27,0.0,0.0,61.27,0.0,61.27,0.0,0.0
2024-08-05,175.2,251.69,211.8,138.13,191.74,213.11,191.74,0.0,0.0,0.0,0.0,0.0,0.0,0.0
2024-08-06,169.45,231.04,186.44,139.28,138.1,189.61,138.1,0.0,0.0,0.0,0.0,0.0,0.0,0.0
2024-08-07,165.67,233.59,170.64,157.31,443.53,152.8,341.18,0.0,238.83,102.35,0.0,0.0,0.0,0.0
2024-08-08,149.64,235.34,196.81,196.63,375.3,185.14,102.35,272.94,0.0,0.0,0.0,0.0,0.0,0.0
2024-08-09,143.85,261.25,193.54,208.92,253.75,189.61,253.75,0.0,0.0,0.0,0.0,0.0,0.0,0.0
2024-08-10,133.07,176.43,142.92,177.27,307.58,132.15,0.0,307.58,0.0,0.0,0.0,0.0,0.0,0.0
2024-08-11,48.71,66.81,62.23,70.13,0.0,66.3,0.0,0.0,0.0,0.0,0.0,0.0,0.0,0.0
2024-08-12,110.56,113.74,101.7,53.06,0.0,108.35,0.0,0.0,0.0,0.0,0.0,0.0,0.0,0.0
2024-08-13,222.68,206.36,211.99,172.05,469.12,195.18,170.59,298.53,0.0,0.0,0.0,0.0,0.0,0.0
2024-08-14,135.03,144.53,149.63,191.62,443.32,130.43,0.0,443.32,0.0,0.0,0.0,0.0,147.77,0.0
2024-08-15,120.34,177.95,155.58,199.24,345.7,143.15,0.0,115.23,0.0,115.23,0.0,115.23,115.23,0.0
2024-08-16,175.51,203.57,194.15,151.94,329.55,185.3,230.68,0.0,131.82,0.0,0.0,0.0,98.86,0.0
2024-08-17,189.61,155.77,179.52,145.34,302.61,171.47,151.31,151.31,0.0,0.0,0.0,0.0,0.0,0.0
2024-08-18,68.06,102.88,83.99,62.6,152.06,79.53,0.0,152.06,0.0,0.0,0.0,0.0,0.0,0.0
2024-08-19,152.74,254.43,188.8,116.27,0.0,201.15,0.0,0.0,0.0,0.0,0.0,0.0,0.0,0.0
2024-08-20,179.2,180.2,160.07,138.46,0.0,170.53,0.0,0.0,0.0,0.0,0.0,0.0,0.0,0.0
2024-08-21,114.22,153.55,136.27,152.81,397.72,119.18,0.0,198.86,0.0,99.43,99.43,0.0,0.0,0.0
2024-08-22,152.31,174.6,185.26,273.67,373.1,172.97,101.76,271.35,0.0,0.0,0.0,0.0,0.0,0.0
2024-08-23,110.13,202.66,157.48,141.81,105.46,160.88,105.46,0.0,0.0,0.0,0.0,0.0,0.0,0.0
2024-08-24,146.97,245.88,206.76,73.74,554.42,184.03,127.94,426.47,0.0,0.0,0.0,0.0,0.0,0.0
2024-08-25,56.65,96.66,74.26,96.19,62.59,75.02,0.0,62.59,0.0,0.0,0.0,0.0,0.0,0.0
2024-08-26,180.07,156.01,160.33,301.15,156.76,160.57,0.0,156.76,0.0,0.0,0.0,0.0,156.76,0.0
2024-08-27,95.18,230.32,162.72,214.89,331.43,151.68,0.0,331.43,0.0,0.0,0.0,0.0,0.0,0.0
2024-08-28,144.4,166.09,150.86,132.82,384.11,135.61,0.0,268.88,0.0,0.0,115.23,0.0,0.0,0.0
2024-08-29,50.15,136.92,102.02,85.17,147.77,99.03,0.0,147.77,0.0,0.0,0.0,0.0,0.0,0.0
2024-08-30,99.62,243.57,184.99,219.92,572.37,159.67,343.42,228.95,0.0,0.0,0.0,0.0,0.0,0.0
2024-08-31,81.97,197.55,141.84,251.33,0.0,151.11,0.0,0.0,0.0,0.0,0.0,0.0,0.0,0.0
2024-09-01,44.72,126.24,84.8,123.39,77.85,85.26,0.0,77.85,0.0,0.0,0.0,0.0,0.0,0.0
2024-09-02,76.35,346.24,224.33,140.45,974.8,175.27,292.44,536.14,0.0,0.0,0.0,0.0,146.22,0.0
2024-09-03,148.15,249.17,197.18,192.39,250.36,193.7,250.36,125.18,0.0,250.36,0.0,0.0,125.18,0.0
2024-09-04,148.41,363.82,266.37,177.1,0.0,283.78,0.0,0.0,0.0,0.0,0.0,0.0,0.0,0.0
2024-09-05,174.05,151.0,143.19,96.06,0.0,152.56,0.0,0.0,0.0,0.0,0.0,0.0,0.0,0.0
2024-09-06,124.7,200.22,171.69,157.31,0.0,182.91,0.0,0.0,0.0,0.0,0.0,0.0,0.0,0.0
2024-09-07,190.11,156.91,184.46,170.8,127.01,188.22,0.0,127.01,0.0,0.0,0.0,0.0,0.0,0.0
2024-09-08,76.26,103.1,75.54,96.19,187.77,68.2,62.59,62.59,0.0,62.59,0.0,0.0,0.0,0.0
2024-09-09,48.67,159.95,114.41,59.69,0.0,121.89,0.0,0.0,0.0,0.0,0.0,0.0,0.0,0.0
2024-09-10,123.25,100.68,128.3,97.17,0.0,136.69,0.0,0.0,0.0,0.0,0.0,0.0,0.0,0.0
2024-09-11,113.15,196.86,158.41,275.5,605.5,129.18,95.61,414.29,0.0,95.61,0.0,0.0,95.61,0.0
2024-09-12,131.17,83.68,115.62,149.04,110.83,115.94,110.83,0.0,110.83,0.0,0.0,0.0,0.0,0.0
2024-09-13,57.14,180.27,134.32,189.21,0.0,143.1,0.0,0.0,0.0,0.0,0.0,0.0,0.0,0.0
2024-09-14,269.2,170.02,212.57,232.13,281.95,208.04,0.0,281.95,0.0,0.0,0.0,0.0,0.0,0.0
2024-09-15,44.12,79.09,64.82,77.48,0.0,69.06,0.0,0.0,0.0,0.0,0.0,0.0,0.0,0.0
2024-09-16,125.71,219.7,188.04,94.61,164.15,189.61,164.15,0.0,0.0,0.0,0.0,0.0,0.0,0.0
2024-09-17,140.68,196.48,181.41,107.83,0.0,193.28,0.0,0.0,0.0,0.0,0.0,0.0,0.0,0.0
2024-09-18,208.33,174.96,188.17,149.04,221.66,185.98,221.66,0.0,0.0,0.0,0.0,0.0,0.0,0.0
2024-09-19,138.65,287.78,223.0,120.82,349.4,214.73,244.58,0.0,0.0,104.82,0.0,0.0,0.0,0.0
2024-09-20,140.61,252.36,194.92,238.77,103.57,200.89,103.57,0.0,0.0,0.0,0.0,0.0,0.0,0.0
2024-09-21,94.92,204.99,164.69,99.78,129.85,166.97,129.85,0.0,0.0,0.0,0.0,0.0,0.0,0.0
2024-09-22,67.54,88.07,79.38,12.02,62.59,80.48,62.59,62.59,0.0,0.0,0.0,0.0,0.0,0.0
2024-09-23,203.68,280.07,198.44,177.49,359.29,187.93,359.29,359.29,0.0,0.0,0.0,0.0,0.0,0.0
2024-09-24,225.29,258.52,214.87,203.83,353.66,205.79,353.66,0.0,0.0,0.0,106.1,0.0,106.1,0.0
2024-09-25,180.7,230.94,167.15,129.28,512.71,144.56,512.71,384.53,0.0,0.0,0.0,0.0,0.0,0.0
2024-09-26,232.69,168.68,170.93,132.2,0.0,182.11,0.0,0.0,0.0,0.0,0.0,0.0,0.0,0.0
2024-09-27,196.94,139.21,165.96,82.03,106.75,169.83,106.75,0.0,0.0,0.0,0.0,0.0,0.0,0.0
2024-09-28,177.05,229.67,199.87,77.14,133.85,204.19,0.0,133.85,0.0,0.0,0.0,0.0,0.0,0.0
2024-09-29,96.36,162.86,109.21,75.97,0.0,116.35,0.0,0.0,0.0,0.0,0.0,0.0,0.0,0.0
2024-09-30,130.46,257.23,169.76,128.57,0.0,180.85,0.0,0.0,0.0,0.0,0.0,0.0,0.0,0.0
2024-10-01,125.32,219.64,151.38,134.48,0.0,161.27,0.0,0.0,0.0,0.0,0.0,0.0,0.0,0.0
2024-10-02,168.45,215.53,174.81,197.79,446.16,157.07,446.16,102.96,0.0,0.0,0.0,0.0,0.0,0.0
2024-10-03,201.9,248.81,168.08,241.42,386.67,153.79,290.0,96.67,0.0,0.0,0.0,0.0,0.0,0.0
2024-10-04,216.9,258.22,194.8,158.1,705.41,161.42,587.84,117.57,0.0,0.0,117.57,0.0,0.0,0.0
2024-10-05,237.95,277.24,231.36,167.14,704.29,200.44,580.0,124.29,124.29,0.0,0.0,0.0,0.0,0.0
2024-10-06,126.82,189.7,140.06,96.54,209.39,135.53,146.57,62.82,62.82,0.0,0.0,0.0,0.0,0.0
2024-10-07,211.99,338.38,263.99,83.57,531.67,246.49,531.67,0.0,0.0,0.0,0.0,0.0,0.0,0.0
2024-10-08,157.32,286.94,205.71,21.71,225.98,204.38,225.98,0.0,0.0,0.0,0.0,0.0,0.0,0.0
2024-10-09,148.7,203.81,168.38,100.08,312.58,158.95,104.19,208.38,0.0,0.0,0.0,0.0,0.0,0.0
2024-10-10,117.01,71.25,88.98,75.97,98.86,88.34,98.86,0.0,0.0,0.0,0.0,0.0,0.0,0.0
2024-10-11,59.82,158.5,120.84,165.07,214.82,114.7,214.82,0.0,0.0,0.0,0.0,0.0,0.0,0.0
2024-10-12,230.74,180.09,206.22,132.65,506.35,186.6,506.35,0.0,138.1,0.0,0.0,0.0,138.1,0.0
2024-10-13,48.62,101.85,80.95,55.9,77.59,81.17,77.59,0.0,0.0,0.0,0.0,0.0,0.0,0.0
2024-10-14,188.32,301.08,239.29,112.36,194.96,242.19,194.96,0.0,0.0,0.0,0.0,0.0,0.0,0.0
2024-10-15,184.34,226.24,185.71,83.05,468.33,167.23,360.25,252.18,0.0,0.0,0.0,0.0,0.0,0.0
2024-10-16,158.47,159.7,151.07,77.74,202.33,147.72,101.16,101.16,0.0,101.16,0.0,101.16,0.0,0.0
2024-10-17,174.58,207.24,173.78,58.99,0.0,185.14,0.0,0.0,0.0,0.0,0.0,0.0,0.0,0.0
2024-10-18,180.17,238.1,205.0,169.25,110.13,211.21,110.13,0.0,0.0,0.0,0.0,0.0,0.0,0.0
2024-10-19,168.8,230.04,148.79,109.6,0.0,158.52,0.0,0.0,0.0,0.0,0.0,0.0,0.0,0.0
2024-10-20,55.25,100.87,74.55,67.76,58.78,75.59,58.78,0.0,0.0,0.0,58.78,0.0,0.0,0.0
2024-10-21,139.36,206.09,157.5,207.07,0.0,167.79,0.0,0.0,0.0,0.0,0.0,0.0,0.0,0.0
2024-10-22,198.09,172.76,152.23,168.19,109.43,155.02,109.43,0.0,0.0,0.0,0.0,0.0,0.0,0.0
2024-10-23,182.48,156.94,166.56,257.13,334.62,155.57,334.62,0.0,0.0,0.0,0.0,0.0,0.0,0.0
2024-10-24,169.89,225.75,182.31,183.44,282.93,175.73,141.46,141.46,0.0,0.0,0.0,0.0,0.0,0.0
2024-10-25,162.93,171.11,147.79,156.39,101.76,150.8,101.76,0.0,0.0,0.0,0.0,0.0,0.0,0.0
2024-10-26,184.55,265.91,208.56,208.92,453.13,192.57,453.13,0.0,0.0,0.0,0.0,0.0,0.0,0.0
2024-10-27,113.7,97.82,103.26,102.68,514.68,76.36,435.5,79.18,0.0,0.0,0.0,0.0,0.0,0.0
2024-10-28,260.91,146.99,169.76,102.85,713.85,134.18,580.0,133.85,0.0,0.0,0.0,0.0,0.0,0.0
2024-10-29,160.12,113.25,135.01,76.84,133.33,135.12,133.33,0.0,0.0,0.0,0.0,0.0,0.0,0.0
2024-10-30,127.51,139.68,141.54,117.29,0.0,150.8,0.0,0.0,0.0,0.0,0.0,0.0,0.0,0.0
2024-10-31,116.48,154.21,138.86,91.83,541.76,112.51,318.68,95.61,0.0,0.0,0.0,0.0,223.08,0.0
2024-11-01,129.3,140.9,119.98,187.79,260.68,110.78,130.34,130.34,0.0,0.0,0.0,0.0,0.0,0.0
2024-11-02,105.69,192.37,157.66,89.74,233.56,152.7,116.78,233.56,0.0,0.0,0.0,0.0,0.0,0.0
2024-11-03,84.24,63.27,68.36,110.69,57.62,69.06,0.0,57.62,0.0,0.0,0.0,0.0,0.0,0.0
2024-11-04,175.08,121.29,130.7,104.46,589.07,100.73,317.19,271.88,0.0,0.0,0.0,0.0,0.0,0.0
2024-11-05,104.99,59.71,90.17,22.28,0.0,96.07,0.0,0.0,0.0,0.0,0.0,0.0,0.0,0.0
2024-11-06,172.14,116.28,121.77,87.97,0.0,129.73,0.0,0.0,0.0,0.0,0.0,0.0,0.0,0.0
2024-11-07,157.28,79.18,119.96,110.81,192.27,115.23,192.27,96.13,0.0,96.13,0.0,0.0,0.0,0.0
2024-11-08,186.66,105.16,147.75,126.14,145.91,147.87,145.91,0.0,145.91,0.0,0.0,0.0,0.0,0.0
2024-11-09,203.25,196.37,222.16,157.04,428.19,208.69,428.19,0.0,428.19,0.0,0.0,0.0,0.0,0.0
2024-11-10,66.8,61.47,66.74,61.45,0.0,71.1,0.0,0.0,0.0,0.0,0.0,0.0,0.0,0.0
2024-11-11,135.05,217.87,185.18,180.69,235.14,181.92,0.0,235.14,0.0,0.0,0.0,0.0,117.57,0.0
2024-11-12,205.71,97.65,145.51,126.14,0.0,155.02,0.0,0.0,0.0,0.0,0.0,0.0,0.0,0.0
2024-11-13,134.96,149.28,148.95,163.5,0.0,158.69,0.0,0.0,0.0,0.0,0.0,0.0,0.0,0.0
2024-11-14,168.43,111.76,140.85,107.25,0.0,150.06,0.0,0.0,0.0,0.0,0.0,0.0,0.0,0.0
2024-11-15,158.87,127.26,138.1,146.13,95.08,140.91,0.0,95.08,95.08,0.0,0.0,0.0,0.0,0.0
2024-11-16,120.21,100.28,116.84,102.07,177.1,112.89,177.1,0.0,0.0,0.0,0.0,0.0,0.0,0.0
2024-11-17,93.99,78.25,85.92,34.58,0.0,91.53,0.0,0.0,0.0,0.0,0.0,0.0,0.0,0.0
2024-11-18,190.22,236.88,197.09,276.26,623.15,169.23,143.8,479.34,0.0,0.0,0.0,0.0,0.0,0.0
2024-11-19,172.03,169.6,149.54,237.35,308.88,139.12,102.96,102.96,0.0,102.96,0.0,0.0,0.0,0.0
2024-11-20,184.05,168.25,165.19,184.68,96.13,169.7,96.13,0.0,0.0,0.0,0.0,0.0,0.0,0.0
2024-11-21,178.36,260.1,183.43,184.57,284.66,176.81,142.33,142.33,0.0,0.0,0.0,0.0,0.0,0.0
2024-11-22,194.81,188.57,179.01,58.64,135.67,181.84,135.67,0.0,0.0,0.0,0.0,0.0,0.0,0.0
2024-11-23,204.62,193.67,185.18,271.03,274.33,179.36,0.0,274.33,0.0,0.0,0.0,0.0,0.0,0.0
2024-11-24,80.48,98.13,85.87,81.82,81.12,86.18,0.0,81.12,0.0,0.0,0.0,0.0,0.0,0.0
2024-11-25,97.53,202.42,144.79,141.64,147.46,144.61,147.46,0.0,0.0,0.0,0.0,0.0,0.0,0.0
2024-11-26,113.32,127.13,142.38,150.96,299.36,132.11,0.0,299.36,0.0,0.0,0.0,0.0,0.0,0.0
2024-11-27,209.37,165.87,173.58,165.07,0.0,184.92,0.0,0.0,0.0,0.0,0.0,0.0,0.0,0.0
2024-11-28,162.93,188.57,151.95,195.48,0.0,161.89,0.0,0.0,0.0,0.0,0.0,0.0,0.0,0.0
2024-11-29,145.73,184.08,149.87,226.2,0.0,159.67,0.0,0.0,0.0,0.0,0.0,0.0,0.0,0.0
2024-11-30,96.71,150.54,137.59,140.45,0.0,146.59,0.0,0.0,0.0,0.0,0.0,0.0,0.0,0.0
2024-12-01,92.83,105.24,110.46,166.5,0.0,117.69,0.0,0.0,0.0,0.0,0.0,0.0,0.0,0.0
2024-12-02,94.47,153.39,146.95,245.34,159.63,146.12,159.63,159.63,0.0,0.0,0.0,0.0,0.0,0.0
2024-12-03,183.3,235.71,199.05,241.91,343.42,189.61,228.95,114.47,0.0,0.0,0.0,0.0,0.0,0.0
2024-12-04,167.84,215.83,192.98,201.37,0.0,205.6,0.0,0.0,0.0,0.0,0.0,0.0,0.0,0.0
2024-12-05,145.22,251.43,199.83,156.39,0.0,212.89,0.0,0.0,0.0,0.0,0.0,0.0,0.0,0.0
2024-12-06,126.5,185.19,171.21,148.1,110.13,175.21,0.0,110.13,0.0,0.0,0.0,0.0,0.0,0.0
2024-12-07,115.79,193.19,164.88,196.63,127.94,167.3,127.94,127.94,0.0,0.0,0.0,0.0,0.0,0.0
2024-12-08,87.11,111.84,92.85,89.44,58.19,95.12,58.19,0.0,0.0,0.0,0.0,0.0,0.0,0.0
2024-12-09,184.79,394.72,298.63,283.28,147.46,308.51,147.46,0.0,0.0,0.0,0.0,0.0,0.0,0.0
2024-12-10,183.44,279.8,213.56,305.62,99.43,221.03,99.43,0.0,0.0,0.0,0.0,0.0,0.0,0.0
2024-12-11,137.66,179.82,163.81,132.95,98.86,168.06,0.0,0.0,0.0,98.86,0.0,0.0,0.0,0.0
2024-12-12,169.19,190.15,176.98,261.44,291.62,169.48,0.0,194.41,97.21,0.0,0.0,0.0,0.0,0.0
2024-12-13,126.77,156.23,155.21,213.78,0.0,165.35,0.0,0.0,0.0,0.0,0.0,0.0,0.0,0.0
2024-12-14,148.06,230.01,187.2,123.8,257.78,182.58,257.78,128.89,0.0,0.0,0.0,0.0,0.0,0.0
2024-12-15,95.86,81.62,90.91,60.12,0.0,96.85,0.0,0.0,0.0,0.0,0.0,0.0,0.0,0.0
2024-12-16,172.35,218.46,179.42,271.77,471.55,160.32,330.08,141.46,0.0,0.0,0.0,0.0,0.0,0.0
2024-12-17,195.96,162.46,183.2,122.89,170.59,184.03,0.0,170.59,0.0,0.0,0.0,0.0,0.0,0.0
2024-12-18,147.64,223.93,200.22,229.81,108.75,206.2,0.0,108.75,0.0,0.0,0.0,0.0,0.0,0.0
2024-12-19,91.42,161.49,127.6,168.19,109.43,128.79,0.0,109.43,0.0,0.0,0.0,0.0,0.0,0.0
2024-12-20,115.0,170.07,155.44,63.47,513.93,132.0,367.09,146.84,0.0,0.0,0.0,0.0,0.0,0.0
2024-12-21,113.0,236.18,180.63,149.67,0.0,192.44,0.0,0.0,0.0,0.0,0.0,0.0,0.0,0.0
2024-12-22,49.75,121.56,94.07,23.88,62.14,96.16,62.14,0.0,0.0,0.0,0.0,0.0,0.0,0.0
2024-12-23,138.44,238.85,196.61,191.01,386.67,184.19,220.95,165.72,0.0,0.0,0.0,0.0,0.0,0.0
2024-12-24,180.07,185.6,168.35,203.27,117.57,171.67,117.57,0.0,0.0,0.0,0.0,0.0,0.0,0.0
2024-12-25,160.6,162.86,151.0,151.94,395.46,135.02,263.64,131.82,0.0,0.0,0.0,0.0,0.0,0.0
2024-12-26,96.48,227.23,166.95,147.91,461.95,147.66,461.95,0.0,0.0,0.0,0.0,0.0,0.0,0.0
2024-12-27,161.52,318.47,243.23,194.99,435.0,230.69,0.0,435.0,0.0,0.0,145.0,0.0,0.0,0.0
2024-12-28,223.15,324.76,262.27,146.61,457.9,249.48,305.27,152.63,0.0,0.0,0.0,0.0,0.0,0.0
2024-12-29,71.09,182.22,133.69,109.86,108.92,135.31,0.0,108.92,0.0,0.0,0.0,0.0,0.0,0.0
2024-12-30,90.21,146.11,124.96,71.12,185.11,121.02,185.11,0.0,0.0,0.0,0.0,0.0,0.0,0.0
2024-12-31,168.25,218.0,163.85,106.12,138.1,165.53,0.0,0.0,0.0,0.0,0.0,0.0,0.0,0.0
2025-01-01,152.65,218.46,185.2,81.53,141.46,188.06,0.0,0.0,0.0,0.0,0.0,0.0,0.0,0.0
2025-01-02,146.05,393.86,302.93,237.07,411.35,295.84,0.0,287.95,0.0,0.0,0.0,0.0,123.41,0.0
2025-01-03,152.48,354.94,268.82,163.63,121.68,278.44,0.0,121.68,0.0,0.0,0.0,0.0,0.0,0.0
2025-01-04,217.43,306.22,270.76,142.85,495.73,256.05,198.29,297.44,0.0,0.0,0.0,0.0,0.0,148.72
2025-01-05,85.21,124.88,100.15,63.55,220.53,92.28,154.37,132.32,0.0,0.0,0.0,0.0,66.16,66.16
2025-01-06,164.16,245.55,199.59,62.48,162.62,202.01,162.62,0.0,0.0,0.0,0.0,0.0,0.0,0.0
2025-01-07,83.42,189.51,140.67,80.07,104.19,143.06,0.0,104.19,0.0,0.0,0.0,0.0,0.0,0.0
2025-01-08,158.99,115.7,153.5,41.78,108.75,156.42,108.75,0.0,0.0,0.0,0.0,0.0,0.0,0.0
2025-01-09,146.08,154.55,152.84,137.64,136.47,153.92,0.0,136.47,0.0,0.0,0.0,0.0,0.0,0.0
2025-01-10,209.66,122.49,155.15,128.57,0.0,165.3,0.0,0.0,0.0,0.0,0.0,0.0,0.0,0.0
2025-01-11,134.6,185.78,174.01,148.57,773.34,134.83,515.56,386.67,0.0,0.0,0.0,0.0,0.0,0.0
2025-01-12,80.46,101.36,80.12,49.34,64.21,81.16,0.0,64.21,64.21,0.0,0.0,0.0,0.0,0.0
2025-01-13,241.2,137.39,185.84,177.49,153.98,187.93,153.98,0.0,0.0,0.0,0.0,0.0,153.98,0.0
2025-01-14,266.5,103.5,189.83,178.28,0.0,202.25,0.0,0.0,0.0,0.0,0.0,0.0,0.0,0.0
2025-01-15,113.11,125.9,137.23,120.82,244.58,130.21,0.0,244.58,0.0,0.0,0.0,0.0,0.0,0.0
2025-01-16,151.42,220.37,169.49,79.59,345.24,158.0,207.14,138.1,0.0,0.0,0.0,0.0,0.0,0.0
2025-01-17,159.58,146.6,153.46,100.08,0.0,163.49,0.0,0.0,0.0,0.0,0.0,0.0,0.0,0.0
2025-01-18,165.53,126.1,152.55,186.86,0.0,162.52,0.0,0.0,0.0,0.0,0.0,0.0,0.0,0.0
2025-01-19,98.89,125.93,101.7,68.22,118.37,100.61,59.18,0.0,59.18,0.0,0.0,59.18,0.0,0.0
2025-01-20,217.04,159.24,195.77,250.7,0.0,208.57,0.0,0.0,0.0,0.0,0.0,0.0,0.0,0.0
2025-01-21,144.38,159.7,138.65,58.3,202.33,134.49,0.0,101.16,202.33,0.0,0.0,0.0,0.0,0.0
2025-01-22,186.9,139.9,158.65,152.81,0.0,169.02,0.0,0.0,0.0,0.0,0.0,0.0,0.0,0.0
2025-01-23,123.82,98.97,127.82,184.68,96.13,129.9,0.0,96.13,0.0,0.0,0.0,0.0,0.0,96.13
2025-01-24,159.58,114.42,149.2,120.1,0.0,158.95,0.0,0.0,0.0,0.0,0.0,0.0,0.0,0.0
2025-01-25,184.71,232.93,201.95,189.66,370.22,190.95,123.41,246.81,0.0,0.0,0.0,0.0,0.0,0.0
2025-01-26,108.82,93.11,98.94,101.98,117.97,97.7,0.0,58.98,0.0,0.0,0.0,58.98,0.0,0.0
2025-01-27,261.78,192.3,214.17,283.28,0.0,228.17,0.0,0.0,0.0,0.0,0.0,0.0,0.0,0.0
2025-01-28,189.28,179.14,202.44,167.14,362.5,191.98,0.0,217.5,0.0,0.0,145.0,0.0,0.0,0.0
2025-01-29,158.63,156.39,169.49,139.28,310.72,160.26,207.14,103.57,0.0,0.0,103.57,0.0,0.0,0.0
2025-01-30,149.64,119.43,142.38,176.97,102.35,144.99,102.35,0.0,0.0,0.0,0.0,0.0,0.0,0.0
2025-01-31,180.26,110.19,158.9,79.59,0.0,169.29,0.0,0.0,0.0,0.0,0.0,0.0,0.0,0.0
2025-02-01,102.72,129.21,120.73,58.64,101.76,121.97,0.0,101.76,0.0,0.0,0.0,0.0,0.0,0.0
2025-02-02,120.28,61.41,108.55,59.27,123.41,107.58,0.0,61.7,0.0,0.0,0.0,61.7,61.7,0.0
2025-02-03,258.08,176.54,201.18,203.47,0.0,214.34,0.0,0.0,0.0,0.0,0.0,0.0,0.0,0.0
2025-02-04,327.67,117.47,217.84,91.33,0.0,232.09,0.0,0.0,0.0,0.0,0.0,0.0,0.0,0.0
2025-02-05,245.0,130.83,181.97,187.79,0.0,193.87,0.0,0.0,0.0,0.0,0.0,0.0,0.0,0.0
2025-02-06,337.65,65.2,218.88,192.11,200.0,220.12,200.0,0.0,0.0,0.0,100.0,0.0,0.0,0.0
2025-02-07,193.98,101.47,158.2,131.09,0.0,168.54,0.0,0.0,0.0,0.0,0.0,0.0,0.0,0.0
2025-02-08,240.43,132.19,187.48,204.14,177.1,188.16,0.0,0.0,0.0,0.0,177.1,0.0,0.0,0.0
2025-02-09,114.33,62.35,84.34,0.0,0.0,89.85,0.0,0.0,0.0,0.0,0.0,0.0,0.0,0.0
2025-02-10,233.69,230.39,232.62,78.96,411.03,220.96,274.02,137.01,137.01,0.0,0.0,0.0,0.0,0.0
2025-02-11,211.81,109.9,152.86,82.03,0.0,162.85,0.0,0.0,0.0,0.0,0.0,0.0,0.0,0.0
2025-02-12,163.21,150.18,172.64,100.08,104.19,177.12,0.0,104.19,0.0,0.0,0.0,0.0,0.0,0.0
2025-02-13,248.49,126.32,196.22,192.85,111.54,201.76,0.0,111.54,111.54,0.0,0.0,0.0,0.0,0.0
2025-02-14,218.62,123.67,183.24,79.12,205.92,181.75,0.0,102.96,102.96,0.0,0.0,0.0,102.96,0.0
2025-02-15,223.76,167.35,188.17,85.17,110.83,193.23,110.83,110.83,0.0,0.0,0.0,0.0,0.0,0.0
2025-02-16,132.96,63.72,98.75,61.15,0.0,105.21,0.0,0.0,0.0,0.0,0.0,0.0,0.0,0.0
2025-02-17,331.81,124.62,232.13,58.13,151.31,237.42,0.0,151.31,0.0,0.0,0.0,0.0,0.0,0.0
2025-02-18,244.61,95.7,168.84,107.14,223.08,165.3,111.54,111.54,0.0,0.0,0.0,0.0,0.0,0.0
2025-02-19,261.55,128.93,186.06,170.94,197.73,185.3,98.86,197.73,0.0,0.0,0.0,0.0,0.0,0.0
2025-02-20,328.08,135.07,239.41,218.87,0.0,255.06,0.0,0.0,0.0,0.0,0.0,0.0,0.0,0.0
2025-02-21,242.98,135.4,188.32,136.04,202.33,187.4,202.33,202.33,101.16,0.0,0.0,0.0,0.0,0.0
2025-02-22,277.95,208.59,238.92,183.16,119.18,246.75,0.0,119.18,119.18,0.0,0.0,0.0,0.0,0.0
2025-02-23,192.44,151.78,154.76,100.62,174.58,153.46,0.0,116.39,0.0,0.0,58.19,0.0,0.0,0.0
2025-02-24,271.94,146.24,188.87,136.44,157.82,190.9,0.0,157.82,0.0,0.0,0.0,0.0,0.0,0.0
2025-02-25,211.81,197.82,192.16,143.55,213.5,190.77,106.75,106.75,106.75,0.0,0.0,0.0,106.75,0.0
2025-02-26,222.09,145.97,164.13,130.0,386.67,149.58,0.0,386.67,193.33,0.0,0.0,0.0,96.67,0.0
2025-02-27,288.42,184.83,216.11,159.18,483.34,198.63,138.1,345.24,138.1,0.0,0.0,0.0,0.0,0.0
2025-02-28,243.67,164.73,216.84,134.48,400.0,204.86,0.0,200.0,100.0,0.0,0.0,200.0,0.0,0.0
2025-03-01,227.67,169.4,207.0,213.37,0.0,220.53,0.0,0.0,0.0,0.0,0.0,0.0,0.0,0.0
2025-03-02,193.02,94.05,131.68,61.22,254.95,123.63,0.0,127.47,63.74,0.0,63.74,191.21,63.74,0.0
2025-03-03,302.84,241.7,245.77,79.59,276.19,243.78,0.0,276.19,0.0,0.0,138.1,0.0,0.0,0.0
2025-03-04,269.57,160.77,193.62,165.3,95.61,200.02,0.0,95.61,95.61,0.0,0.0,0.0,0.0,0.0
2025-03-05,386.04,187.02,260.11,202.03,95.61,270.86,0.0,95.61,95.61,0.0,0.0,0.0,0.0,0.0
2025-03-06,353.32,170.61,235.17,179.07,310.72,230.24,0.0,207.14,207.14,0.0,0.0,0.0,103.57,0.0
2025-03-07,250.02,170.11,188.32,116.61,101.16,194.01,101.16,0.0,0.0,0.0,0.0,0.0,0.0,0.0
2025-03-08,153.34,181.41,166.71,190.41,110.13,170.4,0.0,110.13,0.0,0.0,0.0,0.0,0.0,0.0
2025-03-09,103.1,76.23,89.62,94.83,0.0,95.48,0.0,0.0,0.0,0.0,0.0,0.0,0.0,0.0
2025-03-10,264.02,183.73,240.34,314.27,148.72,246.33,0.0,0.0,148.72,0.0,0.0,148.72,0.0,0.0
2025-03-11,254.11,188.75,220.93,192.11,500.0,202.68,400.0,100.0,300.0,0.0,0.0,100.0,0.0,0.0
2025-03-12,254.0,195.84,208.59,197.69,187.1,209.99,0.0,187.1,0.0,0.0,0.0,0.0,0.0,0.0
2025-03-13,247.78,176.43,198.19,208.92,0.0,211.15,0.0,0.0,0.0,0.0,0.0,0.0,0.0,0.0
2025-03-14,287.27,146.73,197.29,133.71,99.43,203.69,0.0,99.43,0.0,0.0,0.0,0.0,0.0,0.0
2025-03-15,281.07,202.95,211.7,152.94,113.73,218.11,0.0,113.73,0.0,0.0,0.0,0.0,113.73,0.0
2025-03-16,113.43,80.18,104.39,94.49,61.48,107.2,61.48,0.0,0.0,0.0,0.0,0.0,61.48,0.0
2025-03-17,150.17,227.01,173.56,221.01,0.0,184.9,0.0,0.0,0.0,0.0,0.0,0.0,0.0,0.0
2025-03-18,159.58,146.6,142.8,200.16,312.58,131.7,104.19,104.19,0.0,0.0,0.0,0.0,0.0,0.0
2025-03-19,160.12,175.02,165.7,192.11,100.0,169.99,0.0,100.0,0.0,0.0,0.0,0.0,0.0,0.0
2025-03-20,289.68,220.68,245.68,218.0,472.83,230.82,94.57,378.26,0.0,0.0,0.0,0.0,0.0,0.0
2025-03-21,191.67,170.07,198.24,169.25,110.13,204.01,110.13,0.0,0.0,0.0,0.0,0.0,0.0,0.0
2025-03-22,185.32,240.64,188.59,124.73,259.7,183.95,129.85,129.85,0.0,0.0,0.0,0.0,0.0,0.0
2025-03-23,112.64,81.71,93.67,93.83,122.11,91.81,0.0,122.11,0.0,0.0,0.0,0.0,0.0,0.0
2025-03-24,249.71,209.52,218.56,205.26,152.63,222.87,0.0,0.0,0.0,0.0,152.63,0.0,0.0,0.0
2025-03-25,180.97,160.21,173.63,142.68,141.46,175.73,0.0,0.0,0.0,0.0,141.46,0.0,0.0,0.0
2025-03-26,248.11,172.67,201.56,161.1,104.82,207.88,0.0,104.82,0.0,0.0,0.0,0.0,0.0,0.0
2025-03-27,233.48,180.14,208.79,205.42,291.62,203.38,194.41,0.0,0.0,0.0,97.21,0.0,0.0,0.0
2025-03-28,243.63,190.15,196.86,205.42,518.44,175.84,97.21,291.62,0.0,0.0,0.0,0.0,0.0,0.0
2025-03-29,229.08,137.8,196.22,107.14,111.54,201.76,0.0,111.54,0.0,0.0,0.0,0.0,0.0,0.0
2025-03-30,136.06,99.52,105.75,60.56,0.0,112.66,0.0,0.0,0.0,0.0,0.0,0.0,0.0,0.0
2025-03-31,227.74,171.98,216.41,160.45,464.0,200.22,0.0,464.0,324.8,0.0,0.0,0.0,0.0,0.0
2025-04-01,203.04,118.75,171.9,151.94,197.73,170.21,0.0,197.73,0.0,0.0,0.0,0.0,0.0,0.0
2025-04-02,174.52,94.46,140.77,94.43,98.31,143.54,0.0,98.31,0.0,0.0,0.0,0.0,0.0,0.0
2025-04-03,228.4,103.41,166.04,130.72,324.02,155.71,129.61,194.41,97.21,0.0,0.0,0.0,0.0,0.0
2025-04-04,275.62,117.41,209.96,187.79,0.0,223.69,0.0,0.0,0.0,0.0,0.0,0.0,0.0,0.0
2025-04-05,296.66,247.79,280.88,318.36,434.02,270.86,118.37,315.65,0.0,0.0,0.0,0.0,0.0,0.0
2025-04-06,111.69,82.58,100.98,118.54,143.97,98.16,0.0,143.97,0.0,0.0,0.0,0.0,0.0,0.0
2025-04-07,262.16,155.97,215.16,199.57,0.0,229.22,0.0,0.0,0.0,0.0,0.0,0.0,0.0,0.0
2025-04-08,288.42,142.18,237.29,99.49,103.57,246.04,0.0,103.57,0.0,0.0,0.0,0.0,0.0,0.0
2025-04-09,307.92,83.4,208.79,112.05,97.21,216.09,0.0,97.21,0.0,0.0,0.0,0.0,97.21,0.0
2025-04-10,288.76,124.98,221.43,174.91,202.33,222.68,0.0,101.16,0.0,0.0,101.16,0.0,101.16,0.0
2025-04-11,249.04,100.03,173.45,101.81,264.98,167.47,88.33,176.65,0.0,0.0,0.0,0.0,0.0,0.0
2025-04-12,414.21,138.69,298.53,150.96,112.26,310.71,0.0,112.26,0.0,0.0,0.0,0.0,0.0,0.0
2025-04-13,220.99,76.66,153.92,67.76,0.0,163.98,0.0,0.0,0.0,0.0,0.0,0.0,0.0,0.0
2025-04-14,236.81,215.51,251.57,201.07,261.66,250.91,130.83,0.0,130.83,0.0,0.0,0.0,130.83,0.0
2025-04-15,154.05,107.0,141.96,115.93,234.68,135.9,100.58,134.11,0.0,0.0,0.0,0.0,0.0,0.0
2025-04-16,213.11,103.21,182.36,165.07,143.21,184.92,0.0,143.21,0.0,0.0,0.0,0.0,0.0,0.0
2025-04-17,181.34,107.27,153.46,160.13,208.38,149.87,0.0,104.19,104.19,0.0,0.0,104.19,0.0,0.0
2025-04-18,194.81,111.74,168.6,234.58,203.51,166.32,203.51,0.0,0.0,0.0,0.0,0.0,0.0,0.0
2025-04-19,243.19,140.24,207.63,227.91,131.82,212.59,131.82,0.0,0.0,0.0,0.0,0.0,0.0,0.0
2025-04-20,98.71,81.83,92.28,148.57,0.0,98.31,0.0,0.0,0.0,0.0,0.0,0.0,0.0,0.0
2025-04-21,132.34,120.43,137.59,196.63,0.0,146.59,0.0,0.0,0.0,0.0,0.0,0.0,0.0,0.0
2025-04-22,151.42,114.83,123.21,107.14,0.0,131.27,0.0,0.0,0.0,0.0,0.0,0.0,0.0,0.0
2025-04-23,147.9,48.6,105.54,97.17,0.0,112.44,0.0,0.0,0.0,0.0,0.0,0.0,0.0,0.0
2025-04-24,222.78,120.11,163.65,230.53,0.0,174.35,0.0,0.0,0.0,0.0,0.0,0.0,0.0,0.0
2025-04-25,245.08,200.2,216.03,270.51,100.58,223.58,100.58,100.58,0.0,0.0,0.0,0.0,0.0,0.0
2025-04-26,235.77,236.45,222.16,224.34,116.78,229.05,116.78,0.0,0.0,0.0,0.0,0.0,0.0,0.0
2025-04-27,140.86,65.47,96.97,144.37,0.0,103.31,0.0,0.0,0.0,0.0,0.0,0.0,0.0,0.0
2025-04-28,237.62,151.58,186.18,77.14,133.85,189.61,133.85,0.0,0.0,0.0,0.0,0.0,0.0,0.0
2025-04-29,221.69,199.05,207.05,109.24,113.73,213.15,113.73,0.0,0.0,0.0,0.0,0.0,0.0,0.0
2025-04-30,142.32,163.15,153.66,127.86,95.08,157.49,95.08,0.0,0.0,0.0,0.0,0.0,0.0,0.0
2025-05-01,228.49,214.54,196.09,160.13,625.15,168.03,104.19,520.96,0.0,0.0,0.0,0.0,0.0,0.0
2025-05-02,208.74,175.43,164.9,188.85,294.92,156.4,98.31,196.61,196.61,0.0,0.0,0.0,98.31,0.0
2025-05-03,214.52,136.84,182.91,185.71,120.83,186.97,0.0,120.83,0.0,0.0,0.0,0.0,0.0,0.0
2025-05-04,83.93,71.57,86.65,100.16,0.0,92.32,0.0,0.0,0.0,0.0,0.0,0.0,0.0,0.0
2025-05-05,144.43,188.33,158.8,257.13,0.0,169.19,0.0,0.0,0.0,0.0,0.0,0.0,0.0,0.0
2025-05-06,141.45,146.6,144.93,180.15,0.0,154.41,0.0,0.0,0.0,0.0,0.0,0.0,0.0,0.0
2025-05-07,189.28,242.59,203.92,313.38,120.83,209.36,120.83,0.0,0.0,0.0,120.83,0.0,0.0,0.0
2025-05-08,292.16,214.27,226.13,334.27,204.71,227.53,0.0,204.71,0.0,0.0,0.0,0.0,0.0,0.0
2025-05-09,225.72,196.57,179.08,124.57,432.3,162.52,0.0,432.3,108.08,0.0,0.0,0.0,324.23,0.0
2025-05-10,196.44,217.87,204.42,135.52,0.0,217.79,0.0,0.0,0.0,0.0,0.0,0.0,0.0,0.0
2025-05-11,169.03,128.95,121.8,99.95,57.81,125.98,0.0,57.81,0.0,0.0,0.0,57.81,57.81,0.0
2025-05-12,300.57,202.04,222.13,251.33,0.0,236.65,0.0,0.0,0.0,0.0,0.0,0.0,0.0,0.0
2025-05-13,204.17,120.77,167.97,150.24,0.0,178.95,0.0,0.0,0.0,0.0,0.0,0.0,0.0,0.0
2025-05-14,217.34,122.94,171.69,58.99,102.35,176.22,102.35,0.0,0.0,0.0,0.0,0.0,0.0,0.0
2025-05-15,244.34,190.0,202.24,246.91,0.0,215.46,0.0,0.0,0.0,0.0,0.0,0.0,0.0,0.0
2025-05-16,162.93,139.68,160.28,312.77,0.0,170.76,0.0,0.0,0.0,0.0,0.0,0.0,0.0,0.0
2025-05-17,244.02,219.09,233.03,216.44,333.82,226.44,0.0,0.0,0.0,0.0,0.0,0.0,0.0,0.0
2025-05-18,116.24,108.57,100.67,112.55,58.59,103.42,0.0,0.0,0.0,0.0,0.0,0.0,0.0,0.0
2025-05-19,192.28,180.09,177.97,238.77,0.0,189.61,0.0,0.0,0.0,0.0,0.0,0.0,0.0,0.0
2025-05-20,157.25,109.09,119.79,128.57,0.0,127.62,0.0,0.0,0.0,0.0,0.0,0.0,0.0,0.0
2025-05-21,200.66,131.88,150.67,246.09,213.5,146.57,0.0,213.5,0.0,0.0,0.0,0.0,0.0,0.0
2025-05-22,153.25,165.47,175.83,221.51,0.0,187.32,0.0,0.0,0.0,0.0,0.0,0.0,0.0,0.0
2025-05-23,128.58,186.81,182.94,37.35,226.82,180.07,0.0,226.82,0.0,0.0,0.0,0.0,0.0,0.0
2025-05-24,179.15,231.29,228.1,164.78,245.07,226.99,245.07,0.0,122.54,0.0,0.0,0.0,0.0,0.0
2025-05-25,113.57,95.38,103.82,116.07,0.0,110.6,0.0,0.0,0.0,0.0,0.0,0.0,0.0,0.0
2025-05-26,135.2,202.6,181.15,238.77,155.36,182.83,0.0,0.0,0.0,155.36,0.0,155.36,0.0,0.0
2025-05-27,127.96,130.36,145.38,94.16,0.0,154.89,0.0,0.0,0.0,0.0,0.0,0.0,0.0,0.0
2025-05-28,237.82,128.22,179.06,205.08,106.75,183.79,0.0,106.75,0.0,0.0,0.0,0.0,0.0,0.0
2025-05-29,221.31,153.11,191.66,192.85,0.0,204.19,0.0,0.0,0.0,0.0,0.0,0.0,0.0,0.0
2025-05-30,219.24,183.17,196.53,266.6,106.75,202.4,0.0,0.0,0.0,0.0,0.0,0.0,106.75,0.0
2025-05-31,296.4,122.82,201.95,142.24,246.81,199.02,0.0,123.41,0.0,0.0,0.0,0.0,123.41,0.0
2025-06-01,187.53,97.75,139.34,178.44,61.92,144.4,61.92,0.0,0.0,0.0,0.0,0.0,0.0,0.0
2025-06-02,208.68,245.88,245.27,56.18,146.22,251.75,0.0,146.22,0.0,0.0,0.0,0.0,0.0,0.0
2025-06-03,195.12,156.3,198.27,157.04,350.34,188.33,0.0,233.56,116.78,0.0,233.56,0.0,233.56,0.0
2025-06-04,171.02,221.29,196.81,275.28,307.06,189.61,307.06,0.0,0.0,0.0,0.0,0.0,0.0,0.0
2025-06-05,203.06,203.65,187.23,154.58,100.58,192.89,100.58,0.0,0.0,0.0,0.0,0.0,0.0,0.0
2025-06-06,203.08,161.58,182.16,196.63,0.0,194.07,0.0,0.0,0.0,0.0,0.0,0.0,0.0,0.0
2025-06-07,197.6,143.99,176.71,142.24,0.0,188.26,0.0,0.0,0.0,0.0,0.0,0.0,0.0,0.0
2025-06-08,85.28,101.32,98.94,84.47,62.82,101.31,62.82,0.0,0.0,0.0,62.82,0.0,0.0,0.0
2025-06-09,223.95,170.61,200.4,168.54,146.22,203.95,0.0,146.22,0.0,0.0,0.0,0.0,146.22,0.0
2025-06-10,231.47,144.53,183.64,234.2,221.66,181.15,110.83,221.66,0.0,0.0,0.0,0.0,110.83,0.0
2025-06-11,198.47,145.07,191.04,226.63,98.31,197.1,0.0,98.31,0.0,0.0,0.0,0.0,0.0,0.0
2025-06-12,147.82,138.62,148.31,139.28,241.67,142.2,241.67,0.0,0.0,0.0,0.0,0.0,0.0,0.0
2025-06-13,164.86,137.8,164.28,158.24,343.2,152.58,343.2,102.96,0.0,0.0,0.0,0.0,0.0,0.0
2025-06-14,201.9,441.02,295.45,327.72,871.9,257.76,758.18,113.73,227.45,0.0,0.0,0.0,227.45,0.0
2025-06-15,87.12,134.97,113.36,125.92,357.54,97.4,357.54,59.59,0.0,0.0,0.0,0.0,0.0,0.0
2025-06-16,121.14,328.43,240.26,167.14,676.67,211.73,531.67,0.0,0.0,0.0,0.0,145.0,0.0,0.0
2025-06-17,240.62,339.47,260.86,183.16,1310.97,192.2,1310.97,158.91,0.0,0.0,0.0,0.0,0.0,0.0
2025-06-18,233.48,260.2,232.65,261.44,810.06,194.9,810.06,97.21,0.0,0.0,0.0,0.0,0.0,0.0
2025-06-19,319.77,192.86,269.72,166.1,504.35,254.38,396.28,108.08,0.0,0.0,0.0,0.0,0.0,0.0
2025-06-20,427.55,308.33,321.04,305.87,985.63,277.59,758.18,227.45,113.73,0.0,0.0,0.0,0.0,0.0
2025-06-21,391.65,246.94,278.33,377.0,1046.62,228.1,1046.62,0.0,0.0,0.0,0.0,0.0,130.83,0.0
2025-06-22,173.05,214.36,169.49,183.67,807.33,127.79,807.33,63.74,233.7,0.0,0.0,0.0,0.0,0.0
2025-06-23,424.46,578.33,375.56,421.13,1370.09,310.53,1370.09,0.0,0.0,0.0,0.0,0.0,137.01,0.0
2025-06-24,326.81,446.78,335.45,360.73,917.99,297.37,917.99,0.0,125.18,0.0,0.0,0.0,0.0,0.0
2025-06-25,260.09,256.42,226.13,275.28,0.0,240.91,0.0,0.0,0.0,0.0,0.0,0.0,0.0,0.0
2025-06-26,211.99,201.53,191.32,229.81,797.51,151.68,688.76,108.75,0.0,0.0,0.0,0.0,108.75,0.0
2025-06-27,156.18,292.94,214.91,231.26,218.87,214.65,218.87,0.0,109.43,0.0,0.0,0.0,109.43,0.0
2025-06-28,203.37,278.95,231.23,219.6,127.01,238.04,127.01,0.0,127.01,0.0,0.0,0.0,127.01,0.0
2025-06-29,132.63,185.24,127.31,73.2,317.52,114.87,317.52,0.0,0.0,0.0,0.0,0.0,0.0,0.0
2025-06-30,184.13,224.52,185.09,80.23,139.2,188.09,139.2,0.0,0.0,0.0,0.0,0.0,0.0,0.0
2025-07-01,163.07,172.25,166.56,128.57,111.54,170.16,111.54,0.0,0.0,0.0,0.0,0.0,111.54,0.0
2025-07-02,106.0,78.37,95.66,20.89,108.75,94.8,108.75,0.0,0.0,0.0,0.0,0.0,108.75,0.0
2025-07-03,166.73,137.54,143.98,169.01,0.0,153.39,0.0,0.0,0.0,0.0,0.0,0.0,0.0,0.0
2025-07-04,198.09,180.27,183.57,189.21,109.43,188.41,0.0,109.43,0.0,0.0,0.0,0.0,109.43,0.0
2025-07-05,129.46,223.36,160.31,204.14,0.0,170.79,0.0,0.0,0.0,0.0,0.0,0.0,0.0,0.0
2025-07-06,91.38,56.57,68.69,23.46,61.05,69.19,61.05,61.05,0.0,0.0,0.0,0.0,0.0,0.0
2025-07-07,152.65,150.5,162.05,81.53,141.46,163.4,0.0,141.46,0.0,0.0,0.0,0.0,0.0,0.0
2025-07-08,129.49,210.03,171.83,161.37,120.0,175.22,0.0,120.0,0.0,0.0,0.0,0.0,0.0,0.0
2025-07-09,200.74,156.96,174.92,171.91,0.0,186.36,0.0,0.0,0.0,0.0,0.0,0.0,0.0,0.0
2025-07-10,167.2,189.72,170.55,121.87,90.63,175.78,0.0,90.63,0.0,0.0,0.0,0.0,90.63,0.0
2025-07-11,191.27,233.97,212.31,97.74,305.27,206.24,101.76,203.51,0.0,0.0,0.0,0.0,101.76,0.0
2025-07-12,173.05,117.8,150.12,68.22,0.0,159.94,0.0,0.0,0.0,0.0,0.0,0.0,0.0,0.0
2025-07-13,62.51,55.25,63.33,23.79,0.0,67.48,0.0,0.0,0.0,0.0,0.0,0.0,0.0,0.0
2025-07-14,164.4,110.9,147.46,95.51,124.29,148.98,0.0,124.29,0.0,0.0,0.0,0.0,124.29,0.0
2025-07-15,251.34,170.61,200.97,181.92,749.67,165.1,157.82,473.47,118.37,0.0,118.37,0.0,355.1,0.0
2025-07-16,160.77,195.36,175.77,165.07,537.04,152.15,214.82,322.22,0.0,0.0,0.0,0.0,107.41,0.0
2025-07-17,88.04,124.98,109.68,194.34,202.33,103.62,0.0,202.33,101.16,0.0,0.0,0.0,0.0,0.0
2025-07-18,153.05,141.26,153.09,161.75,93.55,156.99,0.0,93.55,93.55,0.0,0.0,0.0,0.0,0.0
2025-07-19,110.97,127.63,127.7,102.07,309.93,115.79,0.0,132.83,0.0,0.0,0.0,0.0,177.1,0.0
2025-07-20,52.94,110.66,83.38,81.82,0.0,88.84,0.0,0.0,0.0,0.0,0.0,0.0,0.0,0.0
2025-07-21,72.32,204.99,162.03,174.62,129.85,164.14,0.0,0.0,0.0,0.0,0.0,0.0,129.85,0.0
2025-07-22,103.5,211.64,157.69,105.78,256.96,151.2,256.96,0.0,0.0,0.0,0.0,0.0,0.0,0.0
2025-07-23,107.46,128.42,133.96,107.83,280.65,124.36,280.65,0.0,0.0,0.0,0.0,0.0,0.0,0.0
2025-07-24,163.8,146.47,158.94,231.26,437.74,140.71,109.43,328.3,0.0,0.0,0.0,0.0,328.3,0.0
2025-07-25,148.2,171.52,174.18,231.15,185.11,173.47,0.0,92.55,0.0,0.0,0.0,0.0,185.11,0.0
2025-07-26,133.17,177.87,153.99,165.95,370.22,139.85,123.41,123.41,0.0,0.0,0.0,0.0,123.41,0.0
2025-07-27,47.06,108.94,91.39,169.4,0.0,97.36,0.0,0.0,0.0,0.0,0.0,0.0,0.0,0.0
2025-07-28,146.97,175.63,175.35,221.21,127.94,178.45,0.0,127.94,127.94,0.0,0.0,0.0,0.0,0.0
2025-07-29,171.94,211.89,222.75,129.4,336.78,215.29,112.26,224.52,0.0,0.0,0.0,0.0,0.0,0.0
2025-07-30,155.65,216.84,192.88,224.09,226.82,190.66,97.21,129.61,0.0,0.0,0.0,0.0,0.0,0.0
2025-07-31,141.76,158.81,151.46,124.46,92.55,155.32,0.0,0.0,0.0,0.0,0.0,0.0,0.0,0.0
2025-08-01,196.35,196.86,199.48,238.77,95.61,206.27,0.0,95.61,95.61,0.0,0.0,0.0,0.0,0.0
2025-08-02,248.38,210.5,212.54,216.44,417.27,199.15,125.18,292.09,166.91,0.0,0.0,0.0,292.09,0.0
2025-08-03,89.33,107.4,89.63,84.17,125.18,87.3,62.59,62.59,0.0,0.0,0.0,0.0,62.59,0.0
2025-08-04,107.46,144.47,132.04,53.92,0.0,140.68,0.0,0.0,0.0,0.0,0.0,0.0,0.0,0.0
2025-08-05,186.37,141.98,154.32,140.25,243.36,148.5,0.0,243.36,121.68,0.0,0.0,0.0,0.0,0.0
2025-08-06,159.93,97.29,119.98,206.57,195.51,115.04,97.75,97.75,0.0,0.0,0.0,0.0,97.75,0.0
2025-08-07,191.48,115.57,153.86,194.09,224.52,149.24,112.26,112.26,0.0,0.0,0.0,0.0,0.0,0.0
2025-08-08,163.61,192.18,182.06,172.9,300.0,174.35,0.0,200.0,0.0,100.0,0.0,100.0,0.0,0.0
2025-08-09,292.54,215.29,254.24,250.14,591.84,232.17,0.0,236.74,118.37,355.1,0.0,236.74,0.0,0.0
2025-08-10,103.14,110.34,99.3,96.89,315.22,85.19,0.0,252.18,252.18,63.04,0.0,63.04,63.04,0.0
2025-08-11,250.79,214.6,244.71,156.69,407.82,234.04,0.0,407.82,271.88,0.0,0.0,135.94,0.0,0.0
2025-08-12,203.31,283.95,238.95,93.5,486.72,222.75,121.68,365.04,0.0,0.0,121.68,121.68,0.0,0.0
2025-08-13,143.16,115.81,133.75,182.33,246.06,126.4,0.0,246.06,0.0,0.0,0.0,0.0,0.0,0.0
2025-08-14,154.18,112.19,118.65,81.04,0.0,126.4,0.0,0.0,0.0,0.0,0.0,0.0,0.0,0.0
2025-08-15,180.26,124.4,139.83,119.38,207.14,135.43,103.57,103.57,103.57,0.0,0.0,0.0,0.0,0.0
2025-08-16,164.78,109.77,136.09,147.47,127.94,136.63,0.0,127.94,0.0,0.0,0.0,0.0,0.0,0.0
2025-08-17,117.77,85.01,98.87,127.67,120.83,97.44,0.0,120.83,0.0,0.0,0.0,0.0,0.0,0.0
2025-08-18,227.74,205.42,202.17,187.19,0.0,215.39,0.0,0.0,0.0,0.0,0.0,0.0,0.0,0.0
2025-08-19,213.54,137.8,168.84,192.85,0.0,179.88,0.0,0.0,0.0,0.0,0.0,0.0,0.0,0.0
2025-08-20,179.34,120.09,133.23,130.72,194.41,129.23,0.0,194.41,0.0,0.0,0.0,0.0,0.0,0.0
2025-08-21,243.67,144.14,182.06,172.9,0.0,193.96,0.0,0.0,0.0,0.0,0.0,0.0,0.0,0.0
2025-08-22,135.97,138.11,147.7,136.44,0.0,157.36,0.0,0.0,0.0,0.0,0.0,0.0,0.0,0.0
2025-08-23,148.2,186.34,180.49,165.95,123.41,184.23,0.0,123.41,0.0,0.0,0.0,0.0,0.0,0.0
2025-08-24,92.54,68.42,79.1,69.64,120.83,76.37,0.0,120.83,0.0,0.0,0.0,0.0,0.0,0.0
2025-08-25,238.3,107.68,169.22,164.4,142.62,170.96,0.0,0.0,142.62,0.0,0.0,0.0,142.62,0.0
2025-08-26,117.89,164.31,140.94,157.04,116.78,142.52,0.0,116.78,0.0,0.0,0.0,0.0,0.0,0.0
2025-08-27,137.49,124.56,139.76,287.11,213.5,134.93,106.75,106.75,0.0,0.0,0.0,0.0,0.0,0.0
2025-08-28,96.91,160.37,146.44,171.91,0.0,156.02,0.0,0.0,0.0,0.0,0.0,0.0,0.0,0.0
2025-08-29,148.7,157.33,149.2,120.1,104.19,152.14,104.19,104.19,0.0,0.0,0.0,0.0,104.19,0.0
2025-08-30,84.51,180.53,143.48,129.56,0.0,152.86,0.0,0.0,0.0,0.0,0.0,0.0,0.0,0.0
2025-08-31,60.18,97.61,85.56,42.86,111.54,83.86,0.0,111.54,55.77,0.0,0.0,0.0,0.0,0.0
2025-09-01,160.89,214.6,183.53,182.81,135.94,186.64,0.0,0.0,0.0,0.0,0.0,135.94,0.0,0.0
2025-09-02,164.04,145.14,160.67,69.64,120.83,163.27,0.0,0.0,0.0,0.0,0.0,120.83,0.0,0.0
2025-09-03,176.07,177.06,190.39,174.91,236.05,187.4,0.0,236.05,134.88,0.0,0.0,0.0,0.0,0.0
2025-09-04,205.44,76.82,154.03,195.48,101.76,157.45,0.0,101.76,0.0,0.0,0.0,0.0,0.0,0.0
2025-09-05,218.2,126.1,170.23,186.86,432.3,153.1,108.08,432.3,0.0,0.0,0.0,0.0,108.08,0.0
2025-09-06,180.42,194.81,191.85,189.66,0.0,204.4,0.0,0.0,0.0,0.0,0.0,0.0,0.0,0.0
2025-09-07,75.19,84.42,78.55,80.69,60.0,79.77,0.0,60.0,0.0,0.0,0.0,0.0,0.0,0.0
2025-09-08,139.08,168.08,155.56,123.8,257.78,148.88,128.89,0.0,0.0,0.0,128.89,0.0,128.89,0.0
2025-09-09,179.04,191.53,179.09,126.14,109.43,183.64,0.0,0.0,109.43,109.43,0.0,109.43,0.0,0.0
2025-09-10,94.44,215.1,162.66,161.75,405.38,146.79,405.38,0.0,0.0,0.0,0.0,0.0,0.0,0.0
2025-09-11,149.6,302.17,205.84,140.96,419.28,191.89,419.28,0.0,0.0,0.0,0.0,0.0,0.0,0.0
2025-09-12,193.38,334.54,238.01,140.96,104.82,246.72,0.0,104.82,0.0,0.0,0.0,0.0,104.82,0.0
2025-09-13,237.19,292.3,243.93,233.76,121.68,251.92,121.68,0.0,0.0,0.0,0.0,0.0,0.0,0.0
2025-09-14,67.5,93.53,73.98,100.68,122.29,70.82,0.0,122.29,0.0,0.0,0.0,0.0,0.0,0.0
2025-09-15,238.74,252.8,210.45,146.4,592.71,185.45,127.01,465.7,0.0,0.0,0.0,0.0,0.0,0.0
2025-09-16,156.07,241.79,194.35,123.05,106.75,200.07,0.0,106.75,0.0,0.0,0.0,0.0,0.0,0.0
2025-09-17,153.99,269.89,223.22,226.63,294.92,218.53,0.0,196.61,0.0,98.31,0.0,0.0,0.0,0.0
2025-09-18,95.64,209.52,164.44,136.84,0.0,175.19,0.0,0.0,0.0,0.0,0.0,0.0,0.0,0.0
2025-09-19,167.32,145.16,161.25,184.68,0.0,171.8,0.0,0.0,0.0,0.0,0.0,0.0,0.0,0.0
2025-09-20,193.66,178.73,198.55,204.66,236.74,196.05,118.37,118.37,0.0,0.0,0.0,0.0,0.0,0.0
2025-09-21,95.64,92.32,91.33,120.95,57.24,93.56,0.0,57.24,0.0,0.0,0.0,0.0,57.24,0.0
2025-09-22,192.15,119.43,144.83,138.32,0.0,154.3,0.0,0.0,0.0,0.0,0.0,0.0,0.0,0.0
2025-09-23,198.35,108.25,143.62,215.03,101.76,146.36,0.0,101.76,0.0,0.0,0.0,0.0,0.0,0.0
2025-09-24,173.05,123.22,154.43,141.49,184.13,152.49,92.06,92.06,0.0,0.0,0.0,0.0,0.0,0.0
2025-09-25,115.37,167.06,141.95,119.38,0.0,151.23,0.0,0.0,0.0,0.0,0.0,0.0,0.0,0.0
2025-09-26,165.8,116.76,141.18,130.72,97.21,144.06,0.0,97.21,0.0,0.0,0.0,0.0,0.0,0.0
2025-09-27,182.6,118.55,157.03,73.74,170.59,156.15,0.0,170.59,0.0,0.0,0.0,0.0,170.59,0.0
2025-09-28,100.24,63.08,82.72,58.85,61.27,84.12,61.27,0.0,0.0,0.0,0.0,0.0,0.0,0.0
2025-09-29,179.04,135.2,154.46,105.12,255.35,147.87,0.0,255.35,0.0,0.0,0.0,0.0,0.0,0.0
2025-09-30,228.98,112.87,180.14,122.3,106.1,184.98,0.0,106.1,0.0,0.0,0.0,0.0,0.0,0.0
2025-10-01,86.04,169.64,141.57,189.93,0.0,150.82,0.0,0.0,0.0,0.0,0.0,0.0,0.0,0.0
2025-10-02,131.97,203.49,180.95,149.4,0.0,192.78,0.0,0.0,0.0,0.0,0.0,0.0,0.0,0.0
2025-10-03,151.42,251.23,195.33,122.3,212.2,194.23,0.0,106.1,0.0,106.1,0.0,0.0,0.0,0.0
2025-10-04,249.67,309.96,252.69,255.17,132.83,260.53,0.0,132.83,0.0,0.0,0.0,0.0,0.0,0.0
2025-10-05,120.34,112.7,99.0,55.34,76.82,100.45,0.0,76.82,0.0,0.0,0.0,0.0,0.0,0.0
2025-10-06,47.59,226.06,160.17,119.38,165.72,159.81,0.0,165.72,0.0,0.0,0.0,0.0,0.0,0.0
2025-10-07,98.33,209.39,152.55,65.12,0.0,162.52,0.0,0.0,0.0,0.0,0.0,0.0,0.0,0.0
2025-10-08,157.85,188.19,172.58,121.55,140.61,174.67,0.0,0.0,0.0,140.61,0.0,0.0,0.0,0.0
2025-10-09,175.23,247.87,174.61,273.31,0.0,186.03,0.0,0.0,0.0,0.0,0.0,0.0,0.0,0.0
2025-10-10,230.09,266.88,236.63,298.79,226.82,237.27,0.0,226.82,0.0,0.0,0.0,0.0,0.0,0.0
2025-10-11,245.44,218.56,207.05,305.87,0.0,220.59,0.0,0.0,0.0,0.0,0.0,0.0,0.0,0.0
2025-10-12,116.16,118.61,114.58,68.69,59.59,118.18,0.0,0.0,59.59,59.59,0.0,0.0,0.0,0.0
2025-10-13,200.27,250.41,229.64,188.7,280.65,226.3,0.0,140.32,140.32,140.32,0.0,0.0,0.0,0.0
2025-10-14,226.07,298.57,233.12,235.4,367.61,224.32,0.0,367.61,0.0,0.0,0.0,0.0,0.0,0.0
2025-10-15,251.22,200.18,204.26,151.94,197.73,204.69,0.0,197.73,0.0,0.0,0.0,0.0,0.0,0.0
2025-10-16,253.63,134.36,209.11,167.14,725.01,175.39,108.75,217.5,108.75,290.0,0.0,0.0,108.75,0.0
2025-10-17,233.78,216.51,203.99,273.67,305.27,197.37,101.76,203.51,0.0,101.76,0.0,0.0,0.0,0.0
2025-10-18,208.58,154.23,193.29,199.24,115.23,198.4,0.0,115.23,0.0,0.0,0.0,0.0,0.0,0.0
2025-10-19,79.8,139.2,102.21,90.34,0.0,108.9,0.0,0.0,0.0,0.0,0.0,0.0,0.0,0.0
2025-10-20,139.08,145.97,126.56,99.04,128.89,126.4,0.0,0.0,128.89,128.89,0.0,0.0,0.0,0.0
2025-10-21,199.29,150.25,167.64,237.23,224.52,163.92,112.26,112.26,0.0,112.26,0.0,0.0,0.0,0.0
2025-10-22,171.49,104.32,135.09,60.41,104.82,137.06,0.0,104.82,104.82,0.0,0.0,0.0,0.0,0.0
2025-10-23,194.55,180.95,174.73,141.81,246.06,170.07,0.0,246.06,0.0,0.0,0.0,0.0,0.0,0.0
2025-10-24,157.69,134.27,141.11,237.35,755.04,100.97,0.0,755.04,0.0,0.0,0.0,0.0,102.96,0.0
2025-10-25,276.61,169.27,218.61,263.21,274.02,214.99,0.0,274.02,0.0,0.0,0.0,0.0,0.0,0.0
2025-10-26,97.83,75.92,90.51,126.36,239.18,80.79,0.0,239.18,0.0,0.0,0.0,0.0,0.0,0.0
2025-10-27,255.53,167.94,211.34,287.27,453.13,195.53,0.0,135.94,0.0,135.94,181.25,135.94,0.0,0.0
2025-10-28,203.13,94.67,160.61,101.91,318.3,150.3,0.0,106.1,212.2,106.1,0.0,106.1,106.1,0.0
2025-10-29,110.45,179.14,171.69,157.31,102.35,176.22,0.0,102.35,0.0,0.0,0.0,0.0,102.35,0.0
2025-10-30,167.09,123.55,159.56,96.06,133.33,161.27,0.0,0.0,0.0,0.0,133.33,0.0,0.0,0.0
2025-10-31,241.6,157.67,201.97,244.13,130.34,206.65,0.0,0.0,0.0,0.0,130.34,0.0,0.0,0.0
2025-11-01,135.6,106.95,130.16,124.73,129.85,130.18,0.0,129.85,0.0,129.85,0.0,0.0,0.0,0.0
2025-11-02,59.93,48.53,54.08,47.25,122.97,49.58,61.48,61.48,61.48,0.0,0.0,0.0,0.0,0.0
2025-11-03,121.14,111.19,120.28,138.32,120.0,120.3,120.0,0.0,0.0,0.0,0.0,0.0,0.0,0.0
2025-11-04,79.32,131.51,116.53,179.07,138.1,115.12,0.0,0.0,0.0,138.1,0.0,0.0,0.0,0.0
2025-11-05,108.63,87.62,106.39,145.34,189.13,100.99,0.0,0.0,0.0,189.13,0.0,0.0,0.0,0.0
2025-11-06,85.47,51.29,80.8,20.51,213.5,72.12,106.75,0.0,0.0,106.75,0.0,106.75,0.0,0.0
2025-11-07,88.79,115.68,109.95,140.01,121.47,109.2,0.0,121.47,0.0,0.0,0.0,0.0,0.0,0.0
2025-11-08,172.39,128.61,153.33,102.85,267.69,145.85,133.85,0.0,0.0,133.85,133.85,0.0,0.0,0.0
2025-11-09,69.72,66.59,70.42,36.07,208.63,61.38,0.0,146.04,0.0,62.59,0.0,0.0,62.59,0.0
2025-11-10,67.8,93.58,90.31,99.78,0.0,96.22,0.0,0.0,0.0,0.0,0.0,0.0,0.0,0.0
2025-11-11,145.22,115.24,129.05,156.39,0.0,137.49,0.0,0.0,0.0,0.0,0.0,0.0,0.0,0.0
2025-11-12,138.44,119.43,115.93,133.71,198.86,110.51,0.0,0.0,0.0,99.43,0.0,99.43,0.0,0.0
2025-11-13,140.07,85.84,111.23,83.57,0.0,118.5,0.0,0.0,0.0,0.0,0.0,0.0,0.0,0.0
2025-11-14,102.08,100.64,109.98,112.68,97.75,110.78,97.75,0.0,0.0,0.0,0.0,0.0,0.0,0.0
2025-11-15,127.51,233.47,173.96,201.07,130.83,176.78,0.0,0.0,0.0,130.83,0.0,0.0,0.0,0.0
2025-11-16,47.71,96.11,73.14,68.69,278.08,59.74,198.63,0.0,0.0,79.45,79.45,0.0,0.0,0.0
2025-11-17,204.87,127.33,138.71,98.32,255.88,131.05,127.94,0.0,0.0,127.94,0.0,0.0,127.94,0.0
2025-11-18,213.77,147.53,175.88,157.31,102.35,180.68,0.0,0.0,0.0,102.35,0.0,0.0,0.0,0.0
2025-11-19,83.66,112.17,108.16,110.81,96.13,108.94,0.0,96.13,0.0,96.13,0.0,0.0,96.13,0.0
2025-11-20,148.64,201.49,181.25,82.03,320.25,172.16,320.25,0.0,106.75,0.0,0.0,0.0,0.0,0.0
2025-11-21,155.75,85.31,132.21,76.41,430.86,112.68,0.0,331.43,0.0,198.86,0.0,99.43,0.0,0.0
2025-11-22,264.39,165.87,220.34,53.06,0.0,234.75,0.0,0.0,0.0,0.0,0.0,0.0,0.0,0.0
2025-11-23,125.75,82.65,93.6,92.53,260.9,82.67,0.0,140.49,80.28,120.42,0.0,0.0,0.0,0.0
2025-11-24,191.27,134.69,144.52,150.8,174.44,142.56,0.0,174.44,0.0,0.0,0.0,0.0,0.0,0.0
2025-11-25,181.71,75.64,140.0,133.71,232.0,133.99,0.0,232.0,0.0,0.0,0.0,0.0,0.0,0.0
2025-11-26,233.37,87.81,166.45,137.64,102.35,170.64,0.0,102.35,0.0,0.0,0.0,0.0,0.0,0.0
2025-11-27,123.61,109.68,118.65,113.7,0.0,126.4,0.0,0.0,0.0,0.0,0.0,0.0,0.0,0.0
2025-11-28,265.24,191.24,248.92,240.33,454.91,235.46,113.73,113.73,113.73,227.45,0.0,113.73,0.0,0.0
2025-11-29,174.61,322.78,250.12,90.34,156.76,256.22,0.0,0.0,0.0,156.76,0.0,0.0,0.0,0.0
2025-11-30,74.74,121.97,104.51,56.9,74.04,106.5,0.0,0.0,74.04,74.04,0.0,0.0,0.0,0.0
2025-12-01,176.46,150.46,154.15,131.6,0.0,164.23,0.0,0.0,0.0,0.0,0.0,0.0,0.0,0.0
2025-12-02,160.45,185.86,179.15,132.82,115.23,183.33,0.0,115.23,0.0,0.0,0.0,0.0,0.0,0.0
2025-12-03,151.42,149.28,154.24,92.85,0.0,164.32,0.0,0.0,0.0,0.0,0.0,0.0,0.0,0.0
2025-12-04,171.02,200.22,186.34,98.32,409.41,171.76,102.35,102.35,0.0,204.71,0.0,102.35,0.0,0.0
2025-12-05,176.82,211.41,192.34,186.86,468.33,174.3,108.08,216.15,108.08,0.0,144.1,0.0,108.08,0.0
2025-12-06,127.76,83.97,111.23,78.35,135.94,109.62,0.0,0.0,0.0,0.0,0.0,135.94,0.0,0.0
2025-12-07,88.83,77.63,75.93,22.28,0.0,80.9,0.0,0.0,0.0,0.0,0.0,0.0,0.0,0.0
2025-12-08,131.08,111.41,127.5,124.73,0.0,135.84,0.0,0.0,0.0,0.0,0.0,0.0,0.0,0.0
2025-12-09,116.06,196.66,164.12,160.13,0.0,174.85,0.0,0.0,0.0,0.0,0.0,0.0,0.0,0.0
2025-12-10,138.26,162.27,147.02,127.17,315.22,136.02,189.13,0.0,0.0,94.57,126.09,0.0,0.0,0.0
2025-12-11,179.34,140.11,147.15,186.74,486.04,124.99,291.62,0.0,0.0,291.62,0.0,194.41,0.0,0.0
2025-12-12,135.03,155.94,145.1,298.08,332.49,132.84,0.0,0.0,110.83,332.49,0.0,110.83,110.83,0.0
2025-12-13,160.08,217.53,193.22,95.51,497.15,173.35,0.0,0.0,0.0,372.86,0.0,372.86,124.29,0.0
2025-12-14,126.93,162.46,154.41,110.61,277.21,146.39,63.97,63.97,0.0,0.0,149.27,0.0,0.0,0.0
2025-12-15,159.64,296.25,237.29,259.13,134.88,243.99,134.88,0.0,0.0,0.0,0.0,0.0,0.0,0.0
2025-12-16,132.49,320.96,242.48,146.24,580.0,220.42,0.0,253.75,0.0,326.25,0.0,108.75,0.0,0.0
2025-12-17,141.55,227.17,177.97,72.67,189.13,177.24,0.0,0.0,189.13,189.13,0.0,0.0,94.57,0.0
2025-12-18,146.94,265.0,202.19,237.35,549.12,179.51,0.0,0.0,0.0,549.12,0.0,0.0,0.0,0.0
2025-12-19,191.86,185.45,196.76,228.39,324.23,188.43,0.0,0.0,108.08,324.23,0.0,0.0,0.0,0.0
2025-12-20,127.07,208.79,176.73,187.01,0.0,188.28,0.0,0.0,0.0,0.0,0.0,0.0,0.0,0.0
2025-12-21,79.0,136.3,100.59,60.56,147.1,97.55,0.0,0.0,0.0,147.1,0.0,0.0,0.0,0.0
2025-12-22,115.98,131.29,123.7,71.12,123.41,123.71,0.0,0.0,0.0,123.41,0.0,0.0,0.0,0.0
2025-12-23,173.05,127.96,154.86,130.24,225.98,150.21,0.0,225.98,0.0,0.0,0.0,0.0,0.0,0.0
2025-12-24,77.93,83.81,83.26,136.84,0.0,88.7,0.0,0.0,0.0,0.0,0.0,0.0,0.0,0.0
2025-12-25,151.42,196.2,180.51,143.26,0.0,192.31,0.0,0.0,0.0,0.0,0.0,0.0,0.0,0.0
2025-12-26,224.69,202.26,212.42,215.66,140.32,217.13,0.0,0.0,0.0,140.32,0.0,0.0,0.0,0.0
2025-12-27,138.8,186.61,192.8,522.3,0.0,205.41,0.0,0.0,0.0,0.0,0.0,0.0,0.0,0.0
2025-12-28,105.87,152.93,121.54,95.12,0.0,129.49,0.0,0.0,0.0,0.0,0.0,0.0,0.0,0.0
2025-12-29,201.9,134.65,160.52,32.77,170.59,159.86,0.0,0.0,0.0,0.0,170.59,0.0,0.0,0.0
2025-12-30,282.66,223.93,252.12,194.99,531.67,233.85,0.0,386.67,0.0,145.0,0.0,0.0,0.0,0.0
2025-12-31,89.43,180.34,133.78,157.04,116.78,134.89,116.78,116.78,0.0,116.78,0.0,0.0,0.0,0.0
